20190805,경기도 '데이터경제시대' 첫발… 지역경제 기반 빅데이터 플랫폼 구축 추진,중부일보," - 경기도가 '지역경제 빅데이터 플랫폼' 구축 협약식을 가졌다.
 - 지역화폐 데이터를 활용해 중소기업 및 소상공인 매출을 늘리고 복지를 최적화하는 정책 효과가 기대되고 있다.",http://www.joongboo.com/news/articleView.html?idxno=1376612,빅데이터,2019년8월2주
20190807,빅데이터 분석 시장 M&A 바람,아이뉴스24," - 지난해 빅데이터 솔루션 분야 1, 2위 회사 클라우데라와 호튼웍스가 합병한 데 이어 맵알도 HPE에 인수되었다.
 - AI, 머신러닝을 위한 빅데이터 분석 기술 강화 차원으로 해석된다.
 - 클라우드 기업과의 경쟁도 일부 영향을 미친 것으로 보인다.",http://inews24.com/view/1199980,빅데이터,2019년8월2주
20190808,"한국동서발전, 빅데이터 플랫폼 포털 서비스 시범 개시",매일경제," - 한국동서발전이 다양한 데이터 분석 기능을 사용자가 직접 활용할 수 있는 포털 서비스를 시범 개시했다.
 - 포털 서비스는 데이터 현황보기와 검색하기, 데이터 분석, 데이터 분석 사례로 이루어져 있다.",https://www.mk.co.kr/news/business/view/2019/08/610979/,빅데이터,2019년8월2주
20190804,"감성 더한 AI, 의료?금융 등서 수요 창출'",서울경제," - AI 솔루션 기업 아크릴 대표가 ""감성인식 기술이 향후 AI의 핵심이 될 것""이라고 말했다.
 - 아크릴이 자체 개발한 AI 플랫폼 조나단은 딥러닝을 통해 감정, 언어, 상황 등을 분석해 감성까지 추론한다.
 - 아크릴은 화상전문병원인 베스티안병원과 챗봇을, LG전자와 감성인식 기능을 가진 홈로봇을 개발하고 있다.",https://www.sedaily.com/NewsView/1VMU9QVO94,인공지능,2019년8월2주
20190805,[AI 상용화 어디까지 왔나] 차세대 딥러닝 기술로 영상?음성 생성 급진전,이코노미스트," - 삼성전자 러시아 모스크바 연구센터가 AI를 활용해 얼굴 이미지 사진을 동영상으로 변환하는 기술을 선보였다.
 - 이미지 인식 기술은 여러 부작용이 우려되나 사회 문제를 해소하는 데에도 쓰일 수 있다.
 - 가전제품에 AI와 IoT를 적용한 스마트홈, AI 상담사, AI를 활용한 임상시험, 기업의 의사결정을 돕는 기술 등 폭넓은 분야에서 AI 기술이 사용되기 시작했다.",http://jmagazine.joins.com/economist/view/327033,인공지능,2019년8월2주
20190805,"넷마블, 인공지능 기반 차세대 그래픽 기술 논문 발표",한국경제," - 넷마블이 음성에 맞춰 자연스러운 얼굴 애니메이션을 자동으로 생성할 수 있는 '다중작업 방식 음성 기반 얼굴 애니메이션(이하 MTADFA)' 기술이 담긴 논문을 발표했다.
 - 넷마블 AI센터 오인수 실장은 ""이용자에게 더 높은 생동감과 몰입감을 제공하는 모바일 게임을 개발할 수 있으리라 기대하고 있다""고 덧붙였으며 향후 자사 게임 등에 우선적으로 이 기술을 적용해 나갈 계획이다.",http://gametoc.hankyung.com/news/articleView.html?idxno=52360,인공지능,2019년8월2주
20190806,도서추천 인공지능으로,내일신문," - 서울 금천구가 지역 도서관 5곳에서 인공지능에 기반한 도서 추천 서비스를 제공한다.
 - 기기에 이용자 나이와 성별 직업 관심사 심리상태 등을 입력하면 인공지능으로 빅데이터를 분석, 적절한 책을 추천해준다.",http://www.naeil.com/news_view/?id_art=321764,인공지능,2019년8월2주
20190806,AI 신사업 펼치는 中 금융사… '챗봇'에 머문 韓 금융사,아주경제," - 글로벌 금융사들이 AI를 활용해 새로운 비즈니스 모델을 발굴하고 매출 급성장을 이루고 있는 데 비해 한국 금융사들은 고객응대나 업무효율화에만 집중하고 있다.
 - 중국 핑안보험은 초고속 현장 조사 시스템을 구축해 수리비 견적 산출을 자동화하고, 모바일 앱 '굿닥터'를 통해 무인 진료소를 설치하는 등 AI를 활용해 매출을 성장시켰다.
 - 한국 금융사는 고객응대용 챗봇, 로보어드바이저, 업무자동화와 같은 업무효율화에 집중돼 있어 새로운 금융상품이나 비즈니스모델을 만드는 실험이 필요하다는 분석이 있다.",https://www.ajunews.com/view/20190805150718735,인공지능,2019년8월2주
20190806,"알파벳, AI로 헬스케어 경쟁력 확보",아이뉴스24," - 알파벳 산하 AI 연구소 딥마인드 AI랩은 인공지능을 활용해 응급사태 발생 전에 감지할 수 있는 예측시스템 개발에 초점을 맞추며 헬스케어 시장 장악에 나서고 있다.
 - 딥마인드 연구원들은 70만 3천명 이상 환자 기록을 분석한 후 이를 딥러닝 기술과 접목해 환자들의 응급 상황을 사전에 감지할 수 있는 알고리즘을 개발했으며, 활용 시 48시간 전에 응급 상황을 감지하며 정확율은 90%에 달하는 것으로 평가되었다.
 - 수년간 개발해 온 응급 사태에 대비할 수 있는 시스템과 AI 기술까지 추가되면서 헬스케어 시장에서 구글의 영향력이 커질 전망이다.",http://www.inews24.com/view/1199535,인공지능,2019년8월2주
20190807,"인공지능, 법률자문까지 넘본다… '변호사 vs AI' 첫 대결",연합뉴스," - 변호사와 법률 인공지능(Legal AI)이 법률자문 능력을 겨루는 법률인공지능 콘퍼런스가 열린다.
 - Legal AI 분야에 선도적 위상을 구축한 국내 A로펌에서 자체 개발한 AI가 투입될 예정이다.
 - 대회 결과에 따라서는 법률서비스 업계에 상당한 파장이 예상된다.",https://www.yna.co.kr/view/AKR20190807047200004,인공지능,2019년8월2주
20190808,AI로 무장하는 벤처?스타트업 확산… 2년 만에 10배 늘어,이데일리," - 국내 벤처와 스타트업 업계에서 AI 서비스가 확대되는 추세다.
 - 아이 돌봄과 배움 매칭 업체인 '자란다'는 AI를 도입해 아이와 선생님의 데이터를 비교 분석해 매칭한다.
 - 영상 처리를 통해 오프라인 방문자 분석 솔루션을 제공하는 메이아이는 오프라인 매장 안 고객들의 성별과 구매 물품, 동선을 영상을 통해 파악해 분석하여 영업전략을 제공한다.
 - 옴니어스는 패션 이미지를 인식하는 딥러닝 기술을 기반으로 한 '옴니어스 태거'를 B2B 솔루션 형태로 제공한다. ",https://www.edaily.co.kr/news/read?newsId=03516166622585024&mediaCodeNo=257&OutLnkChk=Y,인공지능,2019년8월2주
20190809,AI 서비스 기반 스마트폰 앱 내놓은 IT 회사들,뉴스핌," - 네이버 바이브는 AI가 사용자의 음악 취향을 학습해 맞춤형 플레이리스트를 제공하며, 좋아하는 노래를 바이브 사용자와 쉽게 공유할 수 있는 기능을 추가했다.
 - 카카오의 헤이카카오 앱은 AI 통합 플랫폼인 카카오i를 탑재하여 음성으로 카카오톡 전송, 드라이빙 모드 등의 기능을 추가했다.
 - 띵스플로우의 헬로우봇은 연애 타로, 운세, 사주 등의 전문 영역을 갖춘 AI 챗봇 서비스를 제공한다.
 - 하이퍼커넥트의 아자르는 AI 기반 실시간 음성 번역 기능을 갖춘 모바일 영상 메신저로 올해 누적 다운로드 수 3억 건을 돌파했다.
 - 크로키닷컴 지그재그 앱은 사용자의 취향을 반영해 쇼핑몰과 패션 아이템을 추천하는 서비스가 높은 정확도로 사랑을 받고 있다.",http://www.newspim.com/news/view/20190809001122,인공지능,2019년8월2주
20190812,"""우리말 빅데이터 구축한다""...국어 말뭉치 사업 나서는 솔트룩스",서울경제," - 솔트룩스가 국립국어원의 '구어 자료 수집 및 원시 말뭉치 구축 사업'을 진행한다.
 - TV, 라디오, 드라마, 연극 대본 등의 자료를 수집해 말뭉치를 구축하고 저작권 이용 계약까지 체결해 민간 활용 가치를 극대화하는 것이 골자다.",https://www.sedaily.com/NewsView/1VMXX11BCO,빅데이터,2019년8월3주
20190813,빅데이터가 '거짓 리뷰' 걸러내…실력있는 강사 선택에 도움,한국경제," - 강사 평가 플랫폼 별별선생은 리뷰 품질을 유지하기 위해 빅데이터를 활용한 8단계 리뷰 검수 프로그램을 개발했다.
 - 지난달 대비 리뷰 수가 급증하거나 해외에서 작성되는 리뷰가 늘어나면 조작 위험성을 경고해 주는 방식이다.",https://www.hankyung.com/society/article/2019081327011,빅데이터,2019년8월3주
20190811,"인공지능(AI)활용 반려동물 커뮤니티 앱 '애니멀고', 런칭 직후 관심폭발",브릿지경제," - 인공지능 기술을 활용한 반려동물 커뮤니티 앱 애니멀고를 정식 론칭했다.
 - 애니멀고는 인공지능 기술을 기반으로 10만 장 이상의 사진을 분석해 반려 동물에 대한 과학적인 분석 자료를 제공한다.
 - 건강 분석을 통해 사료나 제품 추천 기능도 제공한다.",http://www.viva100.com/main/view.php?key=20190809001520257,인공지능,2019년8월3주
20190812,하이라이트 실시간 제공에 심판까지…AI가 스포츠 혁신 이끈다,한국경제," - 인공지능이 스포츠 분야에도 큰 변화를 이끌고 있다.
 - IBM은 윔블던테니스대회 온라인 정보 제공 서비스에서 더욱 공정한 하이라이트 영상을 위해 데이터 편향성을 탐지하는 기술을 적용했다.
 - 엔씨소프트는 프로야구 관련 정보를 인공지능을 통해 제공하고 있다.
 - 미국 독립야구 애틀랜틱리그에서는 AI심판을 도입했다.",https://www.hankyung.com/it/article/2019081279541,인공지능,2019년8월3주
20190813,"""스스로 학습에 최적화""… 'AI선생님' 키우는 교육업계",이투데이," - 대교를 비롯한 교원, 에스티유니타스, 웅진씽크빅 등 국내 주요 교육업체가 AI 교육에 공을 들이고 있다.
 - 대교의 써밋수학, 교원의 REDPEN AI수학, 에스티유니타스의 스텔라 등 빅데이터와 인공지능을 활용한 학습 서비스 개발을 위한 교육 업체의 움직임이 활발하다.",http://www.etoday.co.kr/news/section/newsview.php?idxno=1787847,인공지능,2019년8월3주
20190813,은행권에 부는 AI 활용 서비스 바람…'옵션 아닌 필수',시사오늘," - 은행권 전반에서 AI 활용 사례가 늘어나고 있다.
 - 신한은행은 영업 현장에서 정확한 업무처리를 돕는 지능형 커뮤니케이션 플랫폼을 구축을 위한 'A.I 몰리 프로젝트'를 추진했다.
 - 기업은행은 AI 기반 챗봇 서비스를 개편하고, 보이스피싱 차단 앱을 출시했다.
 - 국민은행은 신입행원 채용에 AI를 활용한 면접 시스템을 도입했다.",http://www.sisaon.co.kr/news/articleView.html?idxno=99145,인공지능,2019년8월3주
20190813,"네이버 파파고, 英·中·韓 이미지 번역 정확도 57% 향상",연합뉴스," - 파파고가 영어, 중국어, 한국어 3개 언어의 이미지 번역 기능을 대폭 향상했다.
 - 새로 적용된 이미지 번역 엔진은 딥러닝 기술을 활용해 정확도를 57% 높였다.
 - 이미지 속 문자의 전체 맥락까지 파악할 수 있도록 진화할 예정이다.",https://www.yna.co.kr/view/AKR20190813051600017?input=1195m,인공지능,2019년8월3주
20190814,"[AI 365] 마인즈랩 ""인공지능 구독 시대 열겠습니다""",IT조선," - 마인즈랩이 인공지능 구독 플랫폼 '마음AI'를 출시했다.
 - 월 정기 금액 9만 9천 원으로 API 기반의 AI 기술을 끌어쓸 수 있다.
 - 음성인식, AI 보이스, 기계독해, 텍스트분류, 자연어이해, 패턴찾기, 문서인식, 챗봇의 8가지 서비스를 제공한다.",http://it.chosun.com/site/data/html_dir/2019/08/12/2019081202077.html,인공지능,2019년8월3주
20190814,AI가 취향에 맞는 웹툰 추천…카카오페이지 새 서비스 내놔,한국경제," - 카카오페이지는 플랫폼의 독점 인기 작품을 소개하는 '카카오페이지 오리지널'과 작품별 이용자 반응을 분석해 키워드로 제공하는 '인공지능 키토크'기능을 도입했다.
 - 인공지능 키토크는 마이셀럽스의 기술을 적용해 이용자가 자신의 취향에 맞는 작품을 더 쉽게 탐색할 수 있도록 했다.",https://www.hankyung.com/it/article/2019081453301,인공지능,2019년8월3주
20190815,"원더풀플랫폼, 생활매칭·돌봄서비스 AI 로봇 '다솜이' 출시",매일경제," - 원더풀플랫폼은 간단한 터치나 음성으로 사용자의 니즈에 맞는 생활 서비스를 제공하는 인공지능 로봇 '다솜이'를 출시한다.
 - 다솜이는 음성과 영상인식, 인공지능 돌보미, 생활패턴 분석 데이터 등 다양한 기능을 갖추고 있다.
 - 챗봇 기술을 바탕으로 생활 데이터를 수집해 돌봄 및 헬스케어 서비스에 적용할 방침이다.",https://www.mk.co.kr/news/business/view/2019/08/631947/,인공지능,2019년8월3주
20190815,1분만에 상담사없이 증명서 발급… AI로 공공 서비스 바꾼 건보공단,디지털타임스," - 국민건강보험공단은 AI 시스템을 활용해 상담사 연결이 없는 '증명서 스스로 발급 서비스'를 제공중이다.
 - 브리지텍이 공급하는 Athena(아테나) AI 플랫폼을 기반으로 하며, NLU(자연어이해)와 PA(Process Automation)가 결합된 비대면 상담 서비스를 제공한다.
 - 공공기관 최초의 비대면 본인확인 자동화 서비스 구축사례로 주목을 받고 있다.",http://www.dt.co.kr/contents.html?article_no=2019081602101531032001,인공지능,2019년8월3주
20190816,"김철원 메가폰엔터테인먼트 대표 ""AI가 배우 추천…'캐스팅 갑질' 사라질 것""",이투데이," - 오디션 플랫폼 메가폰코리아는 인공지능이 오디션에 지원한 배우 중 드라마나 영화 배역에 가장 적합한 인물을 찾아 추천해 준다.
 - 배우가 사진, 프로필, 연기 동영상 등의 포트폴리오를 등록해 두면, 제작자가 키워드를 입력했을 때 가장 적절한 이미지를 가진 사람을 데이터베이스에서 골라 매칭해주는 시스템이다.
 - 아이디어와 기술의 혁신성을 인정받아 투자 유치와 벤처기업 인증에 성공했다.",http://www.etoday.co.kr/news/section/newsview.php?idxno=1788619,인공지능,2019년8월3주
20190820,"가맹점 대출도, 매출도 웃는다…이런 카드사 빅데이터는 처음이지",아시아타임즈," - 카드사가 소상공인과 상생하기 위해 그간 모은 빅데이터를 활용하고 있다.
 - 신한카드와 BC카드는 소상공인의 대출 심사에 활용할 수 있도록 가맹점 데이터를 금융기관에 제공하는 사업에 뛰어들었다.
 - 삼성카드는 고객 정보와 결제 내역 등의 빅데이터를 활용해 가맹점의 마케팅에 도움이 될 만한 서비스를 제공한다.",http://www.asiatime.co.kr/news/articleView.html?idxno=264956,빅데이터,2019년8월4주
20190822,"경기도, 미세먼지 잡기에 빅데이터 적극 활용",뉴스토마토," - 경기도가 정보통신기술 기반 지방자치단체형 미세먼지 대응 플랫폼인 '정류장 주변도로 미세먼지 빅데이터 기반 대응시스템 구축사업'을 본격 추진한다.
 - 버스 정류장 주변에 미세먼지 데이터를 모니터링할 수 있는 간이측정센서를 설치해 이를 통해 얻은 빅데이터를 분석하여 미세먼지를 줄이려는 계획이다.",http://www.newstomato.com/ReadNews.aspx?no=915458,빅데이터,2019년8월4주
20190822,"""블랙박스 기능 갖춘 '자전거 내비' … 따릉이도 반했죠""",한국경제," - 쿠핏의 오픈라이더는 국내 최초로 자전거 전용 블랙박스 기능을 지원하는 내비게이션 앱이다.
 - 오픈라이더로 자전거 운행 관련 빅데이터를 보면 사고 현황을 파악할 수 있다.
 - 입소문을 타 자전거 관련 앱 중 1위를 달리고 있으며, 따릉이를 운용하고 있는 서울시가 쿠핏의 빅데이터를 구매할 예정이다.",https://www.hankyung.com/sports/article/2019082213191,빅데이터,2019년8월4주
20190823,"빅데이터로 서울 '지옥철' 뚫은 기술, 태국 수출된다",중앙일보," - 토이스미스는 지하철의 다양한 정보를 수집하는 스마트 스캐너로 태국 진출을 시도하고 있다.
 - 스마트스캐너로 유동인구, 체류시간, 미세먼지 및 이산화탄소 농도 등 다양한 정보를 수집해 혼잡도를 고려한 조치를 취할 수 있다.
 - 토이스미스는 9월 4~6일 동대문디자인플라자에서 열리는 '스타트업 서울 2019'에 참여한다.",https://news.joins.com/article/23559697,빅데이터,2019년8월4주
20190823,정규화 젤라또랩 대표,포브스코리아," - 네일 앱과 셀프 네일 브랜드를 운영하는 젤라또랩의 정규화 대표는 젤라또랩의 비즈니스 본질은 빅데이터에 있다고 밝혔다.
 - 젤라또앱 내에서 네일 디자인을 검색하고 클릭하는 사용자의 행동 데이터를 철저히 분석해 네일 스티커 제품을 상품화했다.",http://jmagazine.joins.com/forbes/view/327319,빅데이터,2019년8월4주
20190819,"""AI로 분식방지…회계사 AI활용 선택 아닌 필수""",아시아경제," - 라온비트는 전산감사 소프트웨어인 프로딧을 개발했다.
 - 4대 법인이 쓰는 외국산 소프트웨어의 5분의 1 수준인 연 99만원에 제공한다.
 - 가장 인기 있는 기능은 부정탐지로, 거래내역과 송금내역에서 탐지해 위험을 감지한다.",https://view.asiae.co.kr/article/2019081909192678617,인공지능,2019년8월4주
20190821,"""AI로 동대문 패션상품 바로 검색""…와이즈패션, MD렌즈 출시",연합뉴스," - 빅데이터 전문 업체 와이즈패션은 인공지능과 빅데이터를 활용해 소매 업체가 원하는 상품을 실시간으로 찾아주는 스마트폰 앱 서비스 MD렌즈를 출시했다.
 - MD렌즈는 소매 업체가 스마트폰으로 원하는 의류 상품 사진을 찍으면 AI 이미지 인식과 빅데이터 분석을 통해 현재 동대문에서 유통되는 상품 중 가장 유사한 상품을 찾아주는 서비스다.",https://www.yna.co.kr/view/AKR20190821078000017?input=1195m,인공지능,2019년8월4주
20190821,"""맞춤 레시피 개발하는 AI로봇 기대 하세요""",매일경제," - 고려대 컴퓨터학과 연구팀은 창의적인 식재료 조합을 추천해주는 인공지능 모델 '키친넷'을 개발했다.
 - 인터넷에서 레시피를 읽어들여 뽑아낸 총 3500여 개 식재료의 조합 중 실제로 함께 자주 등장했던 조합을 인공지능으로 학습해 결과를 예측하도록 했다.
 - 연구 결과를 담은 논문이 인공지능 최고 권위 학술대회 중 하나인 인공지능국제회의에 소개되었다.",https://www.mk.co.kr/news/society/view/2019/08/649905/,인공지능,2019년8월4주
20190822,"(피플)윤덕찬 지속가능발전소 대표 ""비재무적 데이터로 기업부실징후 찾는다""",뉴스토마토," - 지속가능발전소는 비재무적 요소를 종합해 기업을 평가하는 ESG 기업평가를 도입했다.
 - 뉴스와 공개된 경영정보를 바탕으로 기업의 환경?사회?지배구조(ESG) 준수 여부를 인공지능으로 파악해 시장에 정보를 제공한다.
 - 부도 기업의 뉴스 패턴을 학습해 기업 부도 가능성을 예측하는 여신심사체계 개편서비스로 혁신금융서비스에 선정되었다.",http://www.newstomato.com/ReadNews.aspx?no=915006,인공지능,2019년8월4주
20190822,금융 사고 위험 미리 예측해주는 텐스페이스,한국일보," - 텐스페이스는 SNS에 올라온 게시물을 인공지능으로 분석해 신용을 평가하는 금융 위험 예측 서비스 아스터RM을 상품화했다.
 - 행동주의 심리학에 기반한 TCM(Trust Communication Management) 분석 기술을 개발해 특허를 냈다.
 - 미국 스트레이츠 파이낸셜 그룹과 MOU를 체결하는 등 미국 금융업계의 관심을 끌고 있다.
 - 동남아시아 진출을 목표로 베트남에서 서비스를 시작할 예정이다.",https://www.hankookilbo.com/News/Read/201908221419366449,인공지능,2019년8월4주
20190823,"인공지능이 보험 추천'…핀크, 맞춤형 보험 추천서비스",아이뉴스24," - 핀크가 인슈어테크 기업 아이지넷과 손잡고 보험 맞춤 서비스를 시작한다.
 - 보험사 구분 없이 보험 조회와 인공지능 진단 서비스를 제공할 계획이다.",http://www.inews24.com/view/1203804,인공지능,2019년8월4주
20190825,패키지·자유여행 다음 주자는?…'애드혹 여행'이 뜹니다,한국경제," - 가이 빅우드 스페인 구비컨설팅 대표는 2019 고양 데스티네이션 위크에서 세계적인 관광 도시로 성장하고 싶다면 지속가능성을 확보하라고 말했다.
 - 관광 마이스 전문가들은 빅데이터의 중요성에도 주목, 패키지와 자유여행을 잇는 3세대 여행으로 애드혹 여행을 제시했다.
 - 애드혹 여행은 목적, 취향이 맞는 타인과 만나 여행을 즐기고 정보를 공유하는 형태의 여행이다. ",https://www.hankyung.com/life/article/2019082556121,빅데이터,2019년8월5주
20190825,"이노션, 빅데이터 심층분석 솔루션 개발",서울경제," - 이노션 월드와이드가 광고주에게 유용한 마케팅과 광고 전략을 제안하기 위한 빅데이터 심층 분석 솔루션 이노-애널리틱스를 개발했다.
 - 이노-애널리틱스는 분석 주제에 맞춘 수집 채널 세분화, 인공지능 기반 빅데이터 분석, 데이터 프레임 시각화 구현이 가능하다.",https://www.sedaily.com/NewsView/1VN3UBQKPY,빅데이터,2019년8월5주
20190826,"잇플루언서', 브랜드와 인플루언서 중개 방안으로 기술특허 취득",매일경제," - 인플루언서 매칭 플랫폼 잇플루언서가 기술 특허를 취득했다.
 - 특허를 받은 것은 자체 알고리즘을 통해 인플루언서를 다각도로 분석하고 상품 및 서비스에 최적화한 인플루언서를 선별해 광고주에게 추천하는 기술이다.",https://www.mk.co.kr/news/business/view/2019/08/662934/,빅데이터,2019년8월5주
20190828,"위세아이텍, 非전문가들 손쉽게 빅데이터 분석 작업",매일경제," - 위세아이텍이 개발한 머신러닝 자동화 플랫폼 와이즈프로핏이 2019 4차 산업혁명 우수기업 대회에서 과학기술정보통신부 장관상을 수상했다.
 - 와이즈프로핏은 데이터 전처리, 모델 학습, 모델 운영 등 머신러닝 전 과정을 자동화한 플랫폼으로, 코딩 없이 머신러닝 작업을 수행할 수 있다.",https://www.mk.co.kr/news/special-edition/view/2019/08/670041/,빅데이터,2019년8월5주
20190825,"벤처 1세대' 변대규 휴맥스 회장, 'AI 분리수거 스타트업'에 꽂히다",한국경제," - 한국 벤처기업 1세대 변대규 휴맥스 회장이 분리수거 전문 스타트업 수퍼빈에 주목하고 있다.
 - 수퍼빈은 캔과 페트병을 수거통에 넣으면 돈으로 바꿔주는 시스템을 만드는 회사로, 쓰레기를 분리하는 데에 AI 기술을 적용한다.
 - 변대규 회장은 수퍼빈이 쓰레기 문제를 해결하는 데 기여할 수 있어 사회적 가치가 클 뿐 아니라 로봇공학 기술을 개발하는 회사라는 점을 높이 샀다고 밝혔다.",https://www.hankyung.com/finance/article/2019082561861,인공지능,2019년8월5주
20190826,"""세계를 바꿀 스타트업""… 한국계 20대 사업가 美서 돌풍",조선일보," - 피스컬노트 창업자 겸 CEO인 한국계 팀 황(27)이 미국 스타트업 업계의 주목을 받고 있다.
 - 피스컬노트는 미 연방과 50개 주 정부·의회·법원이 공개한 빅데이터를 인공지능으로 분석하여 제공한다.
 - 팀 황 대표는 ""원래 정치인이 되고 싶었지만 기술이 정치보다 빠르게 움직이고 모든 것을 바꾸는 것을 보고 창업을 결심했다""고 밝혔다.",http://biz.chosun.com/site/data/html_dir/2019/08/26/2019082600279.html?utm_source=naver&utm_medium=original&utm_campaign=biz,인공지능,2019년8월5주
20190826,AI 인공지능으로 스포츠 승패 예측하는 서비스 나와,중앙일보," - 토토링고가 국내 최초의 AI 스포츠 경기 결과 예측 서비스 FAI를 9월 출시한다.
 - FAI는 지난 5년동안의 예측 평균 적중률이 70%였다.
 - 9월 한국 서비스를 시작으로 베트남에서 서비스할 계획이다.",https://news.joins.com/article/23562030,인공지능,2019년8월5주
20190827,"""식당직원 대신 AI로 예약·주문·결제""",헤럴드경제," - 네이버는 기자간담회에서 AI 전화 예약 기술인 에이아이콜(AI Call), 테이블 주문 서비스, 사업자 등록증 문자인식 기술을 소개했다.
 - 에이아이콜은 기존 ARS와는 다르게 대화식으로 서비스를 이용할 수 있는 차세대 자동응답시스템 기술이다.
 - AI 음성인식, 자연어처리, 음성 합성 기능 등 네이버 자체 AI 기술을 결합했다.",http://news.heraldcorp.com/view.php?ud=20190827000454,인공지능,2019년8월5주
20190827,"연구, 창업, 실패… AI 기술로 다시 우뚝 선 '문과생'",조선일보," - 서울대 후기 학위수여식에서 청년 창업가 강미나 씨가 졸업생 대표 연설을 맡는다.
 - 강씨가 창업한 빅펄애드는 유튜브 영상을 인공지능 알고리즘으로 분석해 광고주에게 적합한 유튜버를 추천해 주는 서비스를 하는 기업이다.",http://news.chosun.com/site/data/html_dir/2019/08/27/2019082700052.html?utm_source=naver&utm_medium=original&utm_campaign=news,인공지능,2019년8월5주
20190829,"플라이북, ‘전국대학도서관대회’에서 AI 도서 추천 기술 선보여",뉴스웍스," - 플라이북이 전국대학도서관대회에서 독서를 돕는 앱 플라이북과 국내 최초 AI 도서 추천 키오스크 플라이북 스크린을 선보인다.
 - 플라이북 스크린은 개인 취향에 맞는 도서를 실시간으로 추천하고 해당 도서의 위치를 안내해 도서관에서 대여할 수 있도록 도와준다.",http://www.newsworks.co.kr/news/articleView.html?idxno=389999,인공지능,2019년8월5주
20190830,카카오 '사람처럼 대화하는 AI' 만든다,한국경제," - 카카오가 이프 카카오 개발자 콘퍼런스 2019에서 사람처럼 대화하는 인공지능을 개발하는 디플로(DFLO) 프로젝트에 나섰다고 밝혔다.
 - 디플로는 대화의 맥락을 파악하는 등 사람과 비슷한 수준으로 의사소통한다.",https://www.hankyung.com/it/article/2019083000711,인공지능,2019년8월5주
20190831,AI 도움에… 법 문외한이 변호사 눌렀다,동아일보," - 제1회 알파로 경진대회에서 AI와 일반인으로 구성된 팀이 변호사팀을 이겼다.
 - 대결에 사용된 AI는 인텔리콘 연구소가 개발한 CIA로, 컴퓨터가 외부 데이터를 분석해 스스로 학습하는 '딥러닝' 방식을 채택한 노동법 전문 AI 변호사다.",http://www.donga.com/news/article/all/20190831/97201083/1,인공지능,2019년8월5주
20190903,"데이블 ""MBC와 파트너십, 개인화 콘텐츠 추천 솔루션 제공""",벤처스퀘어," - 데이블이 MBC와 파트너십을 맺어 MBC 뉴스 사이트 방문자에 개인화 콘텐츠 추천 솔루션 '데이블 뉴스'를 선보인다.
 - 데이블은 빅데이터와 개인화 기술을 바탕으로 맞춤형 콘텐츠를 추천하는 기술을 개발한 스타트업이다.
 - 이번 제휴를 통해 MBC 뉴스 사이트 방문자 만족도와 광고 수익 향상을 기대한다고 밝혔다.",https://www.venturesquare.net/790246,빅데이터,2019년9월1주
20190904,바이오헬스산업 초석될 '국가바이오빅데이터 플랫폼' 만든다,뉴스웍스," - 정부가 국가 바이오 빅데이터 플랫폼 구축을 민관합동으로 추진한다.
 - 내년부터 2021년까지 2년간 2만명 규모의 데이터를 구축하기로 했다.
 - 건강보험공단, 심사평가원, 질병관리본부, 국립암센터의 빅데이터가 연계되며, 공익적 연구에 활용할 예정이다.",http://www.newsworks.co.kr/news/articleView.html?idxno=391981,빅데이터,2019년9월1주
20190905,"""빅데이터가 여행지 추천""…여행예보서비스 어디?! 출시",머니투데이," - 한국관광공사는 빅데이터에 기반해 맞춤형 여행 정보를 제공하는 '어디?!'를 시범 실시한다.
 - 어디?!는 통신사, 소셜미디어, T맵 빅데이터와 기상청 날씨 정보를 융합해 개인 맞춤형 정보를 제공한다.
 - 현 시범서비스 단계에서는 날씨와 개인의 특성만 반영했지만 내년에는 관광지 혼잡도, 안전사고 사전예보 등을 추가할 예정이다.",https://news.mt.co.kr/mtview.php?no=2019090509134787926,빅데이터,2019년9월1주
20190906,"롯데멤버스, 상품 분석 인사이트 플랫폼 'LAIP' 선보여",블로터," - 빅데이터 컨설팅 기업 롯데멤버스가 상품 분석 인사이트 플랫폼 LAIP를 출시했다.
 - LAIP는 유통사 판매 데이터와 엘포인트 회원들의 구매행동 데이터를 결합해 분석 지표를 제공하는 인사이트 플랫폼이다.
 - 현재 LAIP에서 제공하는 분석 모듈은 상품군 성과 분석, 고객 구매행동 분석, 상품 구색 분석, 신상품 성과 분석으로, 2020년에는 마케팅 성과 분석 모듈이 추가될 예정이다.",http://www.bloter.net/archives/352444,빅데이터,2019년9월1주
20190906,"""범죄 발생 전 미리""…경찰청, NYPD 방식 빅데이터 플랫폼 만든다",이데일리," - 경찰청이 치안 활동과 관련한 빅데이터 통합 플랫폼 구축 사업을 본격적으로 추진할 예정이다.
 - 경찰은 빅데이터 통합 플랫폼이 구축되면 여러 데이터를 융합해 치안 서비스의 질을 높일 수 있을 것으로 보고 있다.
 - 미국 LA경찰의 '머신러닝 기반 예측형 치안 모델'과 뉴욕 경찰의 '실시간 범죄 대응 모델'을 결합해 인공지능 기반의 2세대 빅데이터 플랫폼 모델을 만드는 것을 목표로 한다.",https://www.edaily.co.kr/news/read?newsId=01964726622617496&mediaCodeNo=257&OutLnkChk=Y,빅데이터,2019년9월1주
20190902,"""티팟에서 JTBC 들려줘""…JTBC뉴스를 AI 스피커로 즐긴다",JTBC," - JTBC 뉴스의 실시간 음원이 인공지능 스피커 '누구'를 통해 서비스된다.
 - JTBC의 간판 보도 프로그램의 실시간 음원을 SK텔레콤 인공지능 스피커 '누구'를 통해 무료로 들을 수 있다.",http://news.jtbc.joins.com/article/article.aspx?news_id=NB11874971,인공지능,2019년9월1주
20190903,"질병 예측, 보험도 AI시대",아시아경제," - 보험 업계에 기술과 보험이 결합한 인슈어테크 바람이 불고 있다.
 - DB손해보험은 국내 최초로 AI 질병예측 기능을 담은 암보험을 출시, 90% 이상의 정확도로 예측한다.
 - DB손해보험은 AI를 활용해 보험 상담 서비스를 제공하는 프로미 챗봇 서비스를 도입했으며 AI와 전화 통화로 24시간 보험 계약을 체결할 수 있는 인슈어런스 로보텔러 서비스를 제공할 계획이다.
 - 교보생명은 건강검진 데이터를 기반으로 병을 예측하는 알고리즘을 고도화하는 작업을 진행중이다.",https://view.asiae.co.kr/article/2019090314415320724,인공지능,2019년9월1주
20190903,금융권 최초 AI 기반 투자자문사 '신한AI' 출범,전자신문," - 신한금융그룹에서 금융권 최초로 AI 기반 투자자문사 신한AI를 선보인다.
 - 신한금융그룹은 신한AI를 통해 일반 고객도 고액자산가들이 받던 투자자문 서비스를 받도록 지원할 예정이다.
 - 신한AI의 AI 투자자문 플랫폼 NEO는 IBM 왓슨과 최신 AI 분석 기술이 적용되었으며, 과거 30년 이상의 빅데이터를 활용해 최적의 포트폴리오와 상품을 추천한다.",http://www.etnews.com/20190903000155,인공지능,2019년9월1주
20190904,인공지능이 나에게 어울리는 옷을 추천하는 '스타일테크 시대' 도래,서울신문," - 인공지능이 개인에게 어울리는 옷을 직접 추천해 주는 스타일테크의 시대가 열렸다.
 - 대표적 스타일테크 기업은 미국의 스티치픽스로, 인공지능이 고객 정보를 분석해 가장 잘 어울리는 옷을 추천 및 배송해 준다.
 - 국내에서는 쏨에서 개발한 스타일핏 앱이 주목받고 있다.
 - 스타일핏은 국내 수 천개의 여성의류쇼핑몰의 옷을 수집해 인공지능이 개별 고객에게 가장 잘 어울리는 옷을 추천하고 쇼핑몰로 연결해 주는 서비스 앱이다.",https://www.seoul.co.kr/news/newsView.php?id=20190904500048&wlog_tag3=naver,인공지능,2019년9월1주
20190906,"IBM, 인간형 AI 첫걸음 뗐다…AI '빈센트' 선보여",디지털투데이," - 한국IBM은 9월 5일 열린 IBM 데이터 앤드 AI 포럼에서 인간형 AI 빈센트를 공개했다.
 - 빈센트는 IBM의 AI 왓슨 기반으로 만들어진 AI로, 자연어 처리 및 머신 러닝 기술을 바탕으로 지속적 학습이 가능하도록 개발되었다.
 - 장화진 한국IBM 대표이사는 ""빈센트는 디지털 휴먼이며 여러 업무에서 대화형 AI 서비스를 수행하고 있다""고 밝혔다.",http://www.digitaltoday.co.kr/news/articleView.html?idxno=214518,인공지능,2019년9월1주
20190907,"구글, 인공지능·비디오 이용해 아기 살피는 기술 특허 신청",연합뉴스," - 구글이 아기가 이상행동을 보이면 부모에게 알려주는 기술로 특허를 신청했다.
 - 특허는 지능형 오디오와 비디오를 이용해 아기의 눈동자나 동작, 소리를 추적하는 기술에 관한 것이다.
 - 이번 특허는 구글이 최근 크게 관심을 보이는 스마트홈과 아기 테크 분야에 해당한다는 점에서 시사적이다.",https://www.yna.co.kr/view/AKR20190907026000091?input=1195m,인공지능,2019년9월1주
20190908,[알립니다] 유통·소비 맞춤형 데이터 만들어드립니다,매일경제," - MBN은 정부가 추진하는 '유통·소비 빅데이터 플랫폼' 구축 사업자로 선정돼 데이터 거래소를 만들고 있다.
 - 매경미디어그룹은 이에 앞서 수요자가 원하는 데이터를 찾아주기 위해 요청을 받기 시작했다.
 - 플랫폼이 완성되면 오는 12월 2일 '유통·소비 데이터거래소'라는 이름으로 출범한다.",https://www.mk.co.kr/opinion/notice/view/2019/09/712760/,빅데이터,2019년9월2주
20190910,빅데이터·디지털 포렌식 활용해 노동법 위반 적발한다,연합뉴스," - 고용노동부가 근로감독에 빅데이터를 적극적으로 활용하는 내용을 포함한 '근로감독 행정 종합 개선 방안'을 발표했다.
 - 최근 3년의 근로감독 자료를 분석해 위법 가능성이 큰 사업장을 우선적인 근로감독 대상으로 선정한다.
 - 그 외에도 디지털 포렌식 활용, 노동법 위반 예방 지도를 강화한다는 내용도 포함됐다.",https://www.yna.co.kr/view/AKR20190910068000004?input=1195m,빅데이터,2019년9월2주
20190910,"효성, 디지털 VOC 플랫폼 구현 'C-Cube 프로젝트' 추진",서울파이낸스," - 효성은 글로벌 컨설팅 기업 A.T.Kearney와 손잡고 디지털 VOC 플랫폼과 운영 체계를 구현하는 'C-Cube 프로젝트'를 적용할 계획이다.
 - C-Cube 프로젝트는 고객의 목소리를 경청하기 위해 빅데이터를 기반으로 고객 대응 프로세스를 구축하는 활동이다.
 - 효성은 C-Cube 프로젝트로 VOC를 실시간으로 확인함으로써 수익성 향상과 신규 매출 증가 등 시너지 극대화를 기대하고 있다.",http://www.seoulfn.com/news/articleView.html?idxno=355494,빅데이터,2019년9월2주
20190911,"아모레퍼시픽, 알리바바 빅데이터로 中시장 공략 박차",연합뉴스," - 아모레퍼시픽그룹은 11일 중국 알리바바그룹과 소비자 연구 및 신제품 개발 협력을 위한 업무협약을 맺었다.
 - 양사는 빅데이터에 기반한 소비자 연구와 신제품 개발 등에 긴밀하게 협력하기로 했다.
 - 아모레퍼시픽은 알리바바와의 협력을 통해 중국 소비자 수요를 정확하게 반영한 제품 출시는 물론 개발에서 마케팅까지의 전 과정을 디지털화하겠다고 밝혔다.",https://www.yna.co.kr/view/AKR20190911133000030?input=1195m,빅데이터,2019년9월2주
20190908,삼성출신 두뇌들 모여 한국 최초 '상점 AI' 만든다,전자신문," - 삼성전자 출신 모바일 전문가들이 모여 상점 인공지능 '로비 리셉션·스토어 서비스'를 개발하는 데 성공했다.
 - 정부 기관이나 금융기관의 콜센터와 ARS를 대체하고 상점 온·오프라인 예약, 주문, 배달까지 원스톱으로 AI가 대체하는 서비스이다.
 - AI서비스를 통해 쌓인 고객 음성 정보를 빅데이터화해 향후 마이데이터 사업으로 연계할 계획이다.",http://www.etnews.com/20190906000277,인공지능,2019년9월2주
20190909,"솔트룩스, AI 기술 해외수출",디지털데일리," - 솔트룩스의 엑소브레인 인공지능 기술을 미국, 일본 등 해외에 수출한다.
 - 솔트룩스가 수출한 AIaaS(AI as a Service) 플랫폼은 대규모 지식베이스와 추론 시스로, 대화형 AI 및 다국어 심층질의응답 기술이 탑재되었다.",http://www.ddaily.co.kr/news/article/?no=185642,인공지능,2019년9월2주
20190909,사진 속 상품을 쇼핑몰로 연결하는 '픽클릭' AI 중국 출시,플래텀," - AI 콘텐츠 정보 매칭 플랫폼 픽클릭이 9월 중국에서 정식 서비스를 시작했다.
 - 픽클릭은 게시된 사진이나 영상에 담긴 상품 정보를 이미지 검색 기술과 빅데이터 분석 기술을 통해 이커머스로 자동 매칭시켜 주는 AI 기술을 활용했다.
 - 기존 서비스와는 다르게 저장하거나 검색하는 번거로움 없이 발견 즉시 클릭 한 번으로 구매할 수 있다는 차별성이 있다.",https://platum.kr/archives/127918,인공지능,2019년9월2주
20190910,"LG유플러스, 을지재단과 5G 스마트 병원 만든다",한국경제," - LG유플러스와 을지병원은 2021년 개원 예정인 을지대병원에 스마트 병원 시스템을 운영하기 위한 5G 인프라를 구축하기로 했다.
 - LG유플러스는 인공지능, 사물인터넷 기반의 인프라를 제공하고 가상현실과 증강현실과 같은 5G 특화 서비스도 공동 개발하기로 했다.",https://www.hankyung.com/it/article/2019091038501,인공지능,2019년9월2주
20190910,"""AI 딥러닝 더 빠르게 학습한다""…ETRI, 고속처리 기술 개발",이데일리," - 한국전자통신연구원(ETRI) 연구진이 인공지능 학습 시간을 획기적으로 줄이는 기술을 개발했다.
 - 본 기술을 적용하면 일주일이 걸리던 인공지능 학습을 1~2일 만에 할 수 있다.
 - 이 딥러닝 고속 처리 시스템 기술은 내년 상용화를 목표로 하고 있다.",https://www.edaily.co.kr/news/read?newsId=02220566622618808&mediaCodeNo=257&OutLnkChk=Y,인공지능,2019년9월2주
20190910,"인스타그램, 9월부터 가짜뉴스 단속…실효성은 '글쎄'",뉴스1," - 인스타그램이 9월부터 잘못된 정보 단속에 나선다.
 - 잘못된 정보를 신고하는 정책을 신설하고, 잘못된 정보 판별에 인공지능을 적극 활용할 계획을 세우고 있다.
 - 한국은 국제팩트체크네트워크(IFCN)의 인증을 받은 곳이 없어 팩트체킹 프로그램을 도입하지 않고 있기 때문에 신고 제도의 실효성에 의문이 제기된다.",http://news1.kr/articles/?3716241,인공지능,2019년9월2주
20190911,인공지능을 활용한 출판 편집 시스템 개발,더리포트," - 중국 '지식산권출판사'가 인공지능을 활용한 도서 편집 시스템인 '중지편교' 발표회를 베이징에서 개최했다.
 - 이 프로그램은 도서 출판을 위한 편집, 교정, 조판 기능을 통합해 관련 도움말을 제공한다.
 - 제품화, 플랫폼화, 클라우드화 3단계로 구성되어 출판물의 전자 관리를 실현한다.
 - 지식산권출판사는 중지편교 프로그램이 출판 품질 향상, 제작 기간 단축, 출판 산업의 디지털화 업그레이드를 지원할 것으로 기대하고 있다.",http://www.thereport.co.kr/news/articleView.html?idxno=6184,인공지능,2019년9월2주
20190916,"무협, 기업별 맞춤형 무역정보서비스 '마이 트레이드' 개설",연합뉴스," - 한국무역협회는 기업별 맞춤형 무역정보 서비스 '마이 트레이드'를 17일부터 시행한다.
 - 마이 트레이드는 무역협회가 보유한 무역 통계, 보고서 등의 무역 자료와 협회 지원 사업 등을 선별·분석·가공해 개별 기업에 맞춤형으로 제공하는 서비스다.",https://www.yna.co.kr/view/AKR20190916038900003?input=1195m,빅데이터,2019년9월3주
20190918,"복지부, 보건의료 빅데이터 플랫폼 개통",AI타임스," - 국내 최초로 공공기관 보건의료 빅데이터 통합 플랫폼이 개통되었다.
 - 건강보험심사평가원, 국민건강보험공단, 질병관리본부, 국립암센터가 보유한 빅데이터를 연계해 단일 시스템에서 활용할 수 있는 플랫폼이다.
 - 플랫폼은 국민건강 향상과 의료 질 제고를 위한 연구에 활용된다.
 - 개인정보 유출 우려를 최소화하기 위해 비식별조치를 실시한다.",http://www.aitimes.co.kr/news/articleView.html?idxno=119293,빅데이터,2019년9월3주
20190918,"마크로젠, 데이터 공유 블록체인 기술 '美 특허' 등록",팍스넷," - 마크로젠이 데이터 공유방법에 대한 블록체인 기술로 미국 특허를 취득했다.
 - 특허는 블록체인 플랫폼에 토큰 경제 시스템을 접목해 데이터 공유와 거래를 활성화할 수 있도록 고안된 기술이다.
 - 공동 특허권자인 소마젠은 이 기술을 미국 DTC 시장에 접목해 양질의 헬스케어 빅데이터를 구축할 예정이다.",https://paxnetnews.com/articles/52204,빅데이터,2019년9월3주
20190915,세계 3위 유니콘 보유한 영국 스타트업의 무기는 'AI',IT조선," - 영국은 세계 3위의 유니콘 스타트업 보유국이며 그 비결로 인공지능이 꼽힌다.
 - 영국의 유니콘 기업 17개 중 11개가 AI 기술을 도입해 운영하고 있다.
 - 영국 유니콘 기업 중 하나인 다크트레이스는 AI 기술을 활용해 사물인터넷 보안 침해와 데이터 손실 등에 대비한 업무 환경을 조성한다.
 - 또다른 유니콘 기업인 바빌론헬스는 스마트폰 앱에서 화상통화로 증상을 확인하고 질환을 관리하는 AI 원격의료 서비스를 제공한다.",http://it.chosun.com/site/data/html_dir/2019/09/15/2019091500475.html,인공지능,2019년9월3주
20190918,"아이파킹, 업계 최초 클라우드 기반 AI 주차솔루션 도입",국토일보," - 스마트 주차 솔루션 전문기업 파킹클라우드가 운영하는 아이파킹이 업계 최초로 AI를 도입했다.
 - AI를 통해 차량번호를 인식하고 상시 데이터를 수집 및 분석해 이상 현상 발생 시 CS통합관제센터에 알려 처리할 수 있도록 한다.
 - 아이파킹의 약 1900여개 주차장의 입출차 데이터가 실시간으로 클라우드 서버에 업데이트되어, 분석 및 학습된다.",http://www.ikld.kr/news/articleView.html?idxno=208211,인공지능,2019년9월3주
20190918,"""물건 고르면 그냥 '쓱' 나가세요""",한국일보," - 신세계I&C와 이마트24가 만든 '한국형 아마존 고' 매장이 문을 연다.
 - 기존 무인매장과 달리 귀찮고 복잡한 '셀프 결제' 과정을 거치지 않아도 된다는 점이 특징이다.
 - 고객의 동선을 30여대의 AI카메라와 센서가 추적하고 컴퓨터 비전 기술을 활용해 쇼핑 물품을 파악한다.
 - 고객이 쇼핑을 마치고 매장을 나가면 SSG페이로 자동 결제되는데, 최대 5분 안에 완료된다.",https://www.hankookilbo.com/News/Read/201909181623777061,인공지능,2019년9월3주
20190918,AI 공략 화웨이… 초고속 '아틀라스900' 공개,디지털타임스," - 화웨이는 18일 중국 상하이에서 개막한 '화웨이 커넥트 2019'에서 AI 트레이닝 플랫폼 '아틀라스900'을 공개했다.
 - 켄 후 화웨이 순환회장은 아틀라스900은 현재 세계에서 AI 트레이닝이 가장 빠르며 비즈니스 혁신에 새로운 가능성을 열 수 있다고 밝혔다.
 - 화웨이는 앞으로 AI와 컴퓨팅 생태계 구축에 15억 달러(1조 7872억원) 규모를 투자한다는 계획도 밝혔다.",http://www.dt.co.kr/contents.html?article_no=2019091802109931032001,인공지능,2019년9월3주
20190918,AI가 골라주는 주식정보 받아보세요,매일경제," - 매일경제가 인공지능 업체 씽크풀과 손잡고 주식투자 정보 플랫폼 'MK라씨로'를 선보인다.
 - AI 기술과 빅데이터 분석 기술을 기반으로 방대한 주식 시장 데이터를 분석해 제공하는 MK라씨로는 19일부터 공식적으로 서비스를 시작한다.",https://www.mk.co.kr/news/stock/view/2019/09/742562/,인공지능,2019년9월3주
20190919,"""작은 나라 싱가포르서 '핀테크' 동남아 큰시장을 공략""",한국일보," - 해외 핀테크 시장으로 최근 싱가포르가 부상하고 있다.
 - 싱가포르에 현지 법인을 낸 핀테크 기업 딥서치는 인공지능을 이용한 데이터 분석 플랫폼 제작 및 관련 기술로 아시아에 알려진 업체다.
 - 주력 기술은 인공지능으로 경제 관련 빅데이터를 분석해 투자자들에게 최적의 조언을 해 주는 것으로, 인공지능 금융 전문 검색 서비스라 할 수 있다.",https://www.hankookilbo.com/News/Read/201909180148060532,인공지능,2019년9월3주
20190919,"""시간 없죠? 영화·책·뉴스 요약해 드립니다""…커지는 서머리 산업",한국경제," - 도서, 영화, TV프로그램, 뉴스 등 각종 콘텐츠를 요약해 제공하는 '서머리 콘텐츠' 시장이 커지고 있다.
 - 미디어 콘텐츠 스타트업인 알려줌은 지상파 방송국과 계약을 체결해 시사·교양·보도 프로그램을 5분 정도로 요약해 월정액제 방식으로 유통할 계획이다.
 - 밀리의 서재는 핵심 내용을 축약해 30분 가량의 음성으로 들려주는 리딩북과 메신저 채팅창에서 대화하듯 책의 주요 내용을 요약해 제공하는 챗북을 서비스중이다.
 - 스포츠 분야에서는 인공지능 기술을 활용해 3시간이 넘는 프로야구 경기가 끝나면 거의 실시간으로 주요 장면을 확인할 수 있는 하이라이트 서비스를 제공하고 있다.",https://www.hankyung.com/it/article/2019091912151,인공지능,2019년9월3주
20190920,"정부, AI전담조직 꾸린다",아시아경제," - 과학기술정보통신부가 인공지능 정책을 수행하는 전담하는 'AI국'을 연내 신설한다.
 - AI국 신설은 AI 관련 정책을 지속적이면서 강력하게 추진하겠다는 뜻으로 풀이된다.
 - 정부 관계자는 ""AI국은 연구개발, AI대학원 지원 등 각종 AI 정책을 총괄할 것""이라 설명했다.",https://view.asiae.co.kr/article/2019092011174875722,인공지능,2019년9월3주
20191112,"한국기업데이터, 소상공인 마이데이터 서비스 '캐롯' 출시",뉴스1,"- 한국기업데이터는 12일 국내 최초로 소상공인을 대상으로 한 마이데이터 서비스 '캐롯'을 출시한다.
- 캐롯은 소상공인이 사업에 필요한 서류를 전자파일 형태로 스마트폰에 저장해 온라인으로 손쉽게 전송할 수 있는 '서류전자지갑' 서비스다.
- 소상공인이 서류 발급을 위해 여러 기관을 오가야 했던 불편함을 해소할 수 있을 것으로 전망된다.",http://news1.kr/articles/?3767195,빅데이터,2019년11월2주
20191112,빅데이터가 콘서트 장소·시간도 골라주는 세상,매일경제,"- 실리콘밸리의 데이터 스타트업 '차트메트릭'은 음악 관련 데이터를 분석하고 정리해 엔터테인먼트 회사 등에 판매한다.
- 차트메트릭의 주요 서비스는 전 세계 아티스트 185만 명의 포털 및 SNS 조회수 데이터를 축적해 대시보드 형식으로 보여주는 것이다.
- 회사 분위기를 데이터 중심주의로 바꿔 보다 합리적인 의사결정을 하도록 함으로써 엔터테인먼트 산업에 기여한다.",https://www.mk.co.kr/news/it/view/2019/11/936123/,빅데이터,2019년11월2주
20191114,데이터법 통과 눈앞…맞춤형 자산관리 서비스에 날개,조선비즈,"- '데이터 3법' 통과를 앞두고 업계는 앞으로 소비자의 금융 생활이 획기적으로 변화할 것으로 전망했다.
- 마이데이터 산업이 활성화함에 따라 통합 자산관리 서비스가 보편화할 것으로 보인다.
- 개인 맞춤형 금융 광고와 상품 추천 또한 보다 정교해질 전망이다.",http://biz.chosun.com/svc/bulletin/bulletin_art.html?contid=2019111302419,빅데이터,2019년11월2주
20191114,TTS기술 진화…AI 스피커도 맞춤형으로 변화,뉴스토마토,"- 음성합성기술(TTS)이 진화함에 따라 AI 서비스도 다양화하고 있다.
- SK텔레콤은 SM엔터테인먼트와 협력해 AI 스피커 누구(NUGU)에 셀럽 알람 기능을 선보였고, KT는 영어 개인화 음성합성 기술 상용화를 준비중이다.
- 업계에서는 TTS 기반 기술이 발전하면서 AI 스피커가 맞춤형 서비스로 진화할 수 있을 것으로 기대하고 있다.",http://www.newstomato.com/ReadNews.aspx?no=933416,빅데이터,2019년11월2주
20191110,"폴리 마인드AI 대표 ""세계 최초로 개발한 추론형 AI엔진 내년부터 본격 상용화""",메트로,"- 마인드에이아이(AI)가 스스로 학습하고 추론하는 '추론형 AI 엔진'을 개발해 화제를 모으고 있다.
- 마인드에이아이가 개발한 범용 AI 엔진의 핵심은 인간의 추론을 공식화한 것이다.
- 범용 AI 엔진을 시범 운영을 거쳐 다양한 분야에 상용화할 예정이며, API 출시와 블록체인 기술 연계를 계획하고 있다.",http://www.metroseoul.co.kr/news/newsview?newscd=2019111000083,인공지능,2019년11월2주
20191113,"네이버, 뉴스 악플 AI로 걸러낸다",IT조선,"- 네이버가 자체 개발한 인공지능 기술인 '클린봇'을 뉴스 서비스 전체에 확대 적용해 악성댓글을 걸러낸다.
- 클린봇을 도입하면 욕설이 들어간 댓글 전체가 보이지 않으며, 이용자가 설정 옵션에서 사용을 해지할 수도 있다.",http://it.chosun.com/site/data/html_dir/2019/11/13/2019111301081.html,인공지능,2019년11월2주
20191113,"MS, 클라우드와 AI기술로 화상 상처 원격 상담 지원",팍스넷,"- 의료 IT전문 기업 파인인사이트가 MS의 기술을 기반으로 화상 상처 상담 앱 '위피아스'를 개발했다.
- 화상 부위를 찍어서 앱에 올리면 상처를 판독하고 전문의와의 상담 연결도 가능하다.
- AI 전문회사 아크릴과 협업해 AI 챗봇 상담 기능도 제공한다.",http://www.paxnet.co.kr/news/allView?articleId=2019111314125003057,인공지능,2019년11월2주
20191113,AI가 사고차량 수리비 견적낸다,파이낸셜뉴스,"- 차량 파손 부위를 사진으로 찍어 입력하면 인공지능이 수리비를 계산하는 'AI 기반 자동차견적시스템 AOS 알파'를 손해보험사 5곳에서 베타서비스한다. 
- AOS 알파는 파손된 차량의 사진을 기반으로 손상 부위 판독부터 수리비 견적 산출까지 자동으로 처리해 주는 시스템이다.
- 사고 차량의 수리비용을 신속하고 정확하게 산출하고 사람의 실수를 최소화해 자동차 보상 프로세스의 혁신적 변화가 예상된다.",http://www.fnnews.com/news/201911131756331930,인공지능,2019년11월2주
20191114,"웨저, 병원챗봇 '의사소통 AI' 정식 출시",더벨,"- 의료 헬스케어 전문 기업 웨저가 국내 최초 병의원 최적화 의사소통 인공지능 서비스 '의사소통 AI'를 론칭했다.
- 웨저는 병원고객센터에서 활용할 수 있는 카카오톡 챗봇을 1, 2차 병원에 무상으로 제공하는 서비스를 실시한다.
- 박해유 웨저 대표는 다양한 AI 기술 도입을 통해 병원 이용자의 경험이 개선되는 서비스 연구에 박차를 가할 것이라 말했다.",http://www.thebell.co.kr/free/content/ArticleView.asp?key=201911130100023040001437&svccode=00&page=1&sort=thebell_check_time,인공지능,2019년11월2주
20191114,"우울할 때 챗봇과 대화하세요…모바일 심리상담 '트로스트', AI 챗봇 런칭",데일리시큐,"- 모바일 심리상담 플랫폼 '트로스트'를 운영하는 휴마트컴퍼니가 마음 관리 챗봇 '티티'를 출시했다.
- 티티는 전문 심리상담사가 실제 심리상담 첫 회에 질문하는 내용을 대신 묻고, 답변을 분석해 사용자의 마음 상태에 필요한 심리 검사를 진행하도록 돕는다.
- 대화형 데이터에 기반한 사용자 맞춤형 보고서로, 솔루션을 자동으로 제안해 주는 것이 특징이다.
- 해당 서비스는 출시 이후 7일간 5만명 이상이 사용했다.",https://www.dailysecu.com/news/articleView.html?idxno=79428,인공지능,2019년11월2주
20191115,[라인-야후 통합] 이용자 1억명 거대 플랫폼 탄생…목표는 알리바바,아시아경제,#NAME?,https://view.asiae.co.kr/article/2019111411311590380,인공지능,2019년11월2주
20191119,"정지석 코스콤 사장 ""로보애널리스트 등 리얼타임 데이터분석 사업 확대""",뉴시스,"- 정지석 코스콤 사장이 데이터오피스를 기반으로 한 로보애널리스트 등 리얼타임 데이터분석 서비스 사업을 확대할 것이라고 밝혔다.
- 데이터오피스는 빅데이터와 AI를 활용해 고객의 질문에 실시간으로 응대가 가능한 서비스이다.
- 뉴시스와 코스콤이 주요 상장기업 250곳에 대해 분석해 산출한 빅데이터 심리지수(MSI)와 유사한 기능이 로보애널리스트에 적용될 것으로 예상된다.",http://www.newsis.com/view/?id=NISX20191119_0000834315&cID=10401&pID=10400,빅데이터,2019년11월3주
20191120,지자체도 '데이터경제 활성화' 힘 모은다,전자신문,"- 정부 주도 데이터경제 실현에 광역 지방자치단체들도 동참해 지역 빅데이터 플랫폼 또는 캠퍼스 구축에 나선다.
- 서울시는 민·관 공동 플랫폼 조성과 클라우드 기반 빅데이터 캠퍼스를 설립하고, 다른 지자체도 빅데이터 생태계 조성에 나섰다. 
- 데이터 3법 통과 시 지역 빅데이터 생태계 조성 움직임이 더욱 활발해질 예정이다.",http://www.etnews.com/20191120000152,빅데이터,2019년11월3주
20191117,"바닐라브레인, 모바일 뉴스·콘텐츠 앱 '바닐라토픽' 출시",더리더,"- 바닐라브레인은 개인 취향에 맞는 정보를 추천해주는 모바일 뉴스 및 콘텐츠 큐레이션 앱 '바닐라토픽'을 출시할 예정이다.
- 바닐라토픽은 다양한 뉴스와 커뮤니티를 한 곳에서 볼 수 있으며, 개인 맞춤형 콘텐츠를 제공한다.
- 바닐라토픽의 'TOP 채널'에서는 자체 개발한 알고리즘을 통해 사용자에 맞춰 추천된 정보를 실시간으로 제공함으로써 사용자에게 정보의 가치를 높여준다.",http://theleader.mt.co.kr/articleView.html?no=2019111510137819213,인공지능,2019년11월3주
20191117,"카카오 ""인공지능 B2B사업이 새 성장동력""",매일경제,"- 카카오가 사내독립기업인 'AI랩'을 자회사 '카엔'으로 독립시켜 B2B 사업 전반에 힘을 싣는다.
- 카카오 안팎에서는 AI와 B2B가 결합한 카엔이 회사 성장에 크게 기여할 것으로 기대하고 있다.
- 카카오는 AI뿐 아니라 기존 서비스에서도 기업 대상 사업을 강화하는 추세다.",https://www.mk.co.kr/news/it/view/2019/11/953905/,인공지능,2019년11월3주
20191117,"학습지에서 AI로 체질 바꾸는 교육업체, ""AI 키워야 산다""",이투데이,"- 교육업체가 정보통신기술을 접목한 에듀테크 기업으로 탈바꿈하고 있다.
- 아이스크림에듀는 개인별 맞춤 학습 분석 서비스인 '홈런 AI생활기록부'로 AI 에듀테크의 정점을 찍고 있다.
- 에스티유니타스는 인공지능 교육 서비스 '스텔라'를 통해 학습자의 개인별 취약점을 개선해주는 '약점 보완 서비스'와 시험 예상 문제를 미리 산출해주는 '출제 예측 서비스'를 제공중이다.
- 웅진씽크빅에서는 AI 학습 플랫폼 '웅진스마트올'을, 교원그룹에서는 IBM AI '왓슨'을 접목한 '레드펜 AI 수학' 등을 선보여 관심을 받고 있다.",http://www.etoday.co.kr/news/view/1823067,인공지능,2019년11월3주
20191119,"백화점업계, AI 활용 범위 확대",메트로,"- 백화점 업계가 인공지능 활용에 앞장서고 있다.
- 롯데백화점은 구매 데이터를 기반으로 한 공유형 '디지털 AI 플랫폼'을 구축해 입점 브랜드들이 직접 대상 고객을 선정해 영업 활동을 할 수 있도록 한다.
- 신세계백화점은 AI상담사 'S봇'에 음성 기능을 도입해 단순 상담 업무를 S봇이 대신하며, 인공지능을 접목한 퍼스널 쇼퍼 서비스인 'S마인드'도 홈페이지에 적용했다.",http://www.metroseoul.co.kr/news/newsview?newscd=2019111900150,인공지능,2019년11월3주
20191120,"[인터뷰] 정승환 라이언로켓 대표 ""20분 목소리 데이터면 누구 목소리든 만들 수 있어요""",이투데이,"- TTS 음성합성 기술 스타트업 라이언로켓의 정승환 대표는 목소리 데이터 20분 분량으로 누구의 목소리든 만들어낼 수 있다고 자신감을 드러냈다.
- 라이언로켓은 음성합성 기술이 쓰이는 분야의 높은 시장성과 뛰어난 기술력을 인정받아 팁스 운용사인 매쉬업엔젤스로부터 시드투자를 받았다.
- 정 대표는 목소리의 완벽 재현만이 아니라 궁극적으로는 인물의 감성까지 재현해내는 것을 목표로 하고 있다.",http://www.etoday.co.kr/news/view/1824040,인공지능,2019년11월3주
20191121,"7년전에 이미 ""AI뉴스 합시다""… 그땐 사람들이 그를 비웃었지만",조선일보,"- 동영상 '틱톡'으로 세상을 놀라게 하고 있는 바이트댄스 창업자 장이밍은 인공지능 뉴스 추천 앱 진르터우탸오를 출시한 인물이다.
- 창업 당시 세계 최대 벤처캐피털을 찾았을 때 ""말도 안 되는 사업""이라는 평을 받았으나 진르터우탸오는 중국 최대 뉴스앱으로 성장했다.
- 창업 9년만에 중국 10위의 거부가 된 장이밍은 '똑똑한 인수합병 전략가'라는 평을 받는다.",https://biz.chosun.com/site/data/html_dir/2019/11/21/2019112100022.html?utm_source=naver&utm_medium=original&utm_campaign=biz,인공지능,2019년11월3주
20191121,챗봇'과 '키오스크'의 만남… 중소병원 최초 AI 시스템 도입,메디파나뉴스,"- 바로선병원이 중소병원으로는 최초로 AI 의료서비스인 바로(BARO)를 론칭했다.
- '바로'의 형태는 키오스크와 유사하지만 이동성이 있으며 모바일 연동을 통해 내원 환자의 질문에 대응이 가능하다.
- 인공지능 활용 부분에서 바로는 시작 단계이지만 점차 의료 부분의 융합을 구현할 예정이다.",http://medipana.com/news/news_viewer.asp?NewsNum=248959&MainKind=A&NewsKind=5&vCount=12&vKind=1,인공지능,2019년11월3주
20191123,5초만에 계약서 해석하고 대기업 채용 돕고…일상에 스며든 AI 스타트업,MTN,"- 인공지능 기술을 갖춘 스타트업이 실질적인 도움을 주는 서비스를 선보이고 있다.
- 리걸테크 기업 인텔리콘연구소는 딥러닝 기반 계약서 분석기 '알파로'가 차세대 세계일류상품으로 선정되었으며 금융계약 분석머신 '알파로 F(파이낸스)'를 개발해 학습중이다.
- 인공지능 기반 감정 인식 기술을 보유한 제네시스랩은 AI 영상면접 기술인 '뷰인터HR' 솔루션을 LG 그룹 공채에 적용했다.",http://news.mtn.co.kr/newscenter/news_viewer.mtn?gidx=2019112212070223048,인공지능,2019년11월3주
20191125,서울 공공데이터 6천개 개방한다…빅데이터 생태계 활성화 기대,뉴스1,"- 서울시가 공공데이터 전면개방을 통해 빅데이터 활용 확산에 나선다.
- 열린데이터 광장 개방데이터를 내년에 5700개, 2022년까지 총 6000개 개방한다는 구상이다.
- 빅데이터 활용 확산을 위해 환경을 제공하고 있는 빅데이터캠퍼스 분원을 확대해 나갈 예정이다.",http://news1.kr/articles/?3776774,빅데이터,2019년11월4주
20191125,AI가 만들어낸 새 일자리…'데이터 가공' 주목,전자신문,"- 중국 일부 저개발 지역이 데이터 가공 작업을 집단 수행하는 단지로 탈바꿈했다.
- 전체 AI 개발 소요 시간 중 80%를 데이터 가공이 차지하는만큼 데이터 가공 수요는 지속적으로 많아질 전망이다.
- 크라우드웍스나 슈퍼브에이아이 등 국내에서도 데이터 가공 시장이 꿈틀거리고 있다.",http://www.etnews.com/20191125000134,빅데이터,2019년11월4주
20191126,"NHN페이코, '페이코 마이데이터' 출시",데이터넷,"- NHN페이코가 '페이코 마이데이터'를 출시해 금융 마이데이터 시장 개척에 나섰다.
- NHN페이코는 6개 금융사와 컨소시엄을 구성해 금융 정보를 안전하게 주고받을 수 있는 API를 구축했으며 이에 기반해 페이코 마이데이터 서비스를 구현했다.
- 이용자는 공인인증서 없이도 페이코 앱을 활용해 흩어져 있는 금융 데이터를 통합 조회하고 본인의 신용 및 자산 정보를 체계적으로 관리할 수 있다.",http://www.datanet.co.kr/news/articleView.html?idxno=139655,빅데이터,2019년11월4주
20191126,민간 첫 데이터 거래소 'KDX' 오픈…유통·물류 금맥 생겼다,매일경제,"- 국내 첫 민간 데이터 거래소인 '한국데이터거래소(KDX)'가 12월 2일 공식 출범한다.
- KDX는 단순히 데이터를 주고받는 데 그치지 않고, 이종 데이터를 융합·가공해 고부가가치 데이터를 생산하는 플랫폼이다.
- MBN, 삼성카드, CJ올리브네트웍스, 다음소프트, 코리아크레딧뷰로 등이 빅데이터센터로 참여해 KDX에 데이터를 공급한다.",https://www.mk.co.kr/news/it/view/2019/11/987007/,빅데이터,2019년11월4주
20191129,"데이터3법' 신용정보법, 정무위 통과…정보통신망법만 남았다",파이낸셜뉴스,"- '데이터 3법' 중 하나인 신용정보법 개정안이 29일 국회 정무위원회 전체회의에서 통과됐다.
- 신용정보법은 개인정보를 암호화한 '가명정보' 개념을 도입해 개인 동의가 없어도 금융회사가 상업적 목적으로 이용할 수 있도록 허용하는 것이 골자다.
- 데이터3법 중 개인정보보호법 개정안은 국회 행정안전위원회를 통과해 법사위 심사를 앞두고 있으며, 정보통신망법 개정안은 과학기술정보방송통신위원회에 계류돼 있어 상임위 통과 여부가 불투명한 상황이다.",http://www.fnnews.com/news/201911291038121814,빅데이터,2019년11월4주
20191124,"""빅스비, 아파트시세 알려줘""",서울경제,"- 삼성전자 갤럭시의 인공지능 서비스 빅스비를 통해 음성 인식만으로 아파트 시세나 매물 정보를 확인할 수 있게 되었다.
- 국민은행의 종합부동산플랫폼 'KB부동산 리브온(Liiv ON)의 매물 정보·시세 검색 서비스를 빅스비에서 제공한다.
- 리브온에 쌓인 매물 정보, 아파트 단지 정보, 평형대별 시세를 알 수 있다.",https://www.sedaily.com/NewsView/1VQX8OGE6S,인공지능,2019년11월4주
20191126,수수료 없는 AI 여행 앱 '마이버킷리스트' 등장,메트로,"- 마이셀럽스가 인공지능이 운영하는 여행 앱 '마이버킷리스트'를 론칭했다.
- 기존 업계가 많은 인력을 들여 운영하던 서비스를 인공지능이 대체해 운영 효율을 극대화했다.
- 마이셀럽스는 기존 여행 업계의 수수료 관행과 마케팅 방식을 바로잡아 이용자의 혜택을 대폭 늘리겠다는 포부를 밝혔다.",http://www.metroseoul.co.kr/news/newsview?newscd=2019112600002,인공지능,2019년11월4주
20191126,물품사진 찍어 올리면 대출된다,매일경제,"- 핀테크 스타트업인 직토에서 이른바 '전당포 앱'인 '얼마야'의 베타 버전을 출시했다.
- '얼마야'는 물품 촬영으로 물건을 등록해 즉석에서 가치를 평가받고 대출을 받을 수 있는 플랫폼이다.
- AI를 기반으로 모델명과 실시간 중고가 확인이 가능하며, 블록체인 기술을 활용해 소유를 증명한다.",https://www.mk.co.kr/news/it/view/2019/11/983031/,인공지능,2019년11월4주
20191127,"솔트룩스, 북한 정보 알려주는 AI 앱 '평양친구' 공개",지디넷코리아,"- 솔트룩스는 북한 관련 정보를 습득할 수 있는 인공지능 앱 '평양친구'의 베타 버전을 26일 공개했다.
- 북한과 관련된 다양한 정보를 습득하고 남북한 간의 언어 및 생활상과 문화적 차이를 쉽게 이해할 수 있도록 돕는 프로젝트를 추진한 결과이다.
- 평양친구는 솔트룩스의 자연어 이해, 톡봇 대화, 심층 질의응답, 음성 인식 및 합성, 이미지 인식 등의 기술이 사용되었다.",http://www.zdnet.co.kr/view/?no=20191126180808,인공지능,2019년11월4주
20191127,이제 말로 송금하는 시대… 은행앱에 SKT '누구' 탑재,세계일보,"- NH농협은행의 모바일 뱅킹 앱 'NH올원뱅크'에 SK텔레콤의 인공지능 '누구(NUGU)'를 탑재해 음성으로 모바일 뱅킹 서비스를 이용할 수 있게 되었다.
- 금융권 최초로 터치 없이 오직 음성만으로 송금이 가능한 서비스이다.
- SK텔레콤은 앞으로 다양한 사업자와 '누구' SDK(Software Development Kit)를 공유해 생태계를 지속적으로 넓혀 나갈 것이라 밝혔다.",http://www.segye.com/newsView/20191127505323?OutUrl=naver,인공지능,2019년11월4주
20191128,"챗봇이 이미지까지 읽는다… 인라이플, 쇼핑몰에 최적화된 챗봇 개발",머니투데이,#NAME?,https://news.mt.co.kr/mtview.php?no=2019112816164538066,인공지능,2019년11월4주
20191128,"페이스북 ""AI 기술로 혐오 발언 80% 자동 감지·삭제""",연합뉴스,"- 페이스북이 인공지능 기술로 테러·불법 무기, 약품 거래 등은 물론 혐오 발언까지 대부분 자동 감지·삭제하고 있다.
- 혐오 발언을 감지하는 시스템에 매칭 기능이나 머신러닝 식별 기능 등의 기법을 쓰고 있다고 밝혔다.
- 테러 선동, 아동 나체 이미지 및 아동에 대한 성착취, 불법 무기 및 의약품 거래 등 유해 콘텐츠에 대해선 90% 후반대의 사전 감지율로 삭제 조치하고 있다.",https://www.yna.co.kr/view/AKR20191128139251017?input=1195m,인공지능,2019년11월4주
20191129,"비플라이, 가짜뉴스 꼼짝마…AI가 팩트 체크",전자신문,"- 비플라이소프트가 인공지능과 블록체인 기술로 뉴스 콘텐츠를 검증하고 유통하는 미디어 플랫폼 '로제우스'를 내년 초부터 본격 서비스한다.
- '로제우스'는 AI 기술로 뉴스의 진위 여부와 신뢰성을 검증하며, 뉴스콘텐츠 제공자와 콘텐츠 소비 및 유통 기여도에 따라 수익을 나누고 뉴스 소비자에는 실적에 따라 코인을 제공한다.
- 내년에 국내 서비스를 시작하고 아시아 지역으로 글로벌 서비스를 전개할 계획이다.",http://www.etnews.com/20191129000058,인공지능,2019년11월4주
20191203,"한의학연구원, 약재 500여종 빅데이터 구축해 공개",파이낸셜뉴스,"- 한국한의학연구원이 '빅데이터 플랫폼 및 센터 구축 사업'에 선정돼 약용 생물자원 데이터 개방에 나선다.
- 한의학연구원의 약용 생물자원 빅데이터 센터는 식약처에서 고시하는 약재 500여 종을 빅데이터로 구축하고 산림 플랫폼에 공개해 누구나 유통하고 활용할 수 있도록 할 계획이다.
- 김종열 원장은 '빅데이터 플랫폼 및 센터 구축 사업'을 통해 생물자원의 유용성 정보가 다양한 산업에 유통·활용될 것으로 기대한다고 밝혔다.",http://www.fnnews.com/news/201912031034499560,빅데이터,2019년12월1주
20191204,"중고차 어플 첫차, 허위매물 조회 서비스 '신호등 검색' 출시…3초 만에 알아낸다",플래텀,"- 모바일 중고차 거래 플랫폼 '첫차'는 중고차 허위매물 조회 서비스인 '첫차 신호등 검색'을 출시한다.
- '첫차 신호등 검색'은 소비자가 인터넷에서 본 중고차 매물의 차량 번호만 입력하면 허위매물 여부를 3초 안에 확인할 수 있다.
- 다년간 쌓아온 빅데이터 기술을 바탕으로 해당 차량의 최근 판매 완료 시점과 정상 가격 범위도 제공한다.
- '첫차 신호등 검색'을 통해 소비자가 직접 허위매물을 확인하고 매도 및 가격 관련 정보까지 확인할 수 있다는 점에서 수많은 소비자들이 허위·미끼 매물의 피해로부터 벗어날 수 있을 것으로 기대된다.",https://platum.kr/archives/132790,빅데이터,2019년12월1주
20191204,"직방, 빅데이터 활용해 허위매물 예측…신뢰도↑",뉴시스,"- 직방이 프롭테크 활용으로 지난달 매물 신뢰도가 93.81%를 기록했다고 밝혔다.
- 직방은 서비스를 시작한 이후 매물 정보를 축적해왔으며, 이 빅데이터를 활용해 허위매물을 유형화하고 미리 예측해 집중 점검했다.
- 직방 이강식 이사는 앞으로도 빅데이터 등의 기술을 적극 활용해 이용자가 믿고 이용할 수 있는 서비스로 거듭날 수 있도록 노력할 것이라 말했다.",http://www.newsis.com/view/?id=NISX20191204_0000849980&cID=13001&pID=13000,빅데이터,2019년12월1주
20191204,IoT 가전·전자 기업 빅데이터 공동플랫폼 '담다' 첫 공개,데이터넷,"- 한국전자정보통신산업진흥회는 국내 IoT 가전·전자제품 제조사가 공동으로 활용하는 빅데이터 플랫폼  '담다'의 첫 공개설명회를 개최했다.
- '담다'는 데이터 기반 신제품과 신서비스를 육성하고, 플랫폼 참여자간 빅데이터 제휴와 공유를 통해 새로운 비즈니스 모델 창출을 지원할 예정이다.
- '담다'는 가전·전자 제조사들이 쉽게 빅데이터에 접근하고 활용할 수 있도록 만드는 것을 목표로 IoT 제품 데이터의 수집부터 분석까지의 업무를 지원한다.",http://www.datanet.co.kr/news/articleView.html?idxno=140008,빅데이터,2019년12월1주
20191201,"빅데이터發 로펌혁명 ""계약서도 AI가 작성""",매일경제,"- 영국 AI 기업 에이겐테크놀로지가 금융 계약·분석 AI 프로그램으로 금융 법률 분야에서 선두 기업으로 자리매김하고 있다.
- '영국 AI 스타트업 톱39' 순위에서 12위를 차지한 루미넌스의 소프트웨어는 세계 각국 법률과 정책, 판례 등을 제공하고 분석한다.
- 현재 영미권의 리걸테크는 단순한 보조적 수단에서 인간을 대체하는 수준으로 탈바꿈하는 중이나, 국내는 데이터 부족으로 인공지능의 정확도를 높이기 어려운 상태다.",https://www.mk.co.kr/news/it/view/2019/12/1003060/,인공지능,2019년12월1주
20191202,"""'호텔리어' AI 로봇이 수건 가져와요""",데일리한국,"- KT가 국내 최초 인공지능 호텔인 노보텔 앰배서더 서울 동대문 호텔&레지던스에 AI 호텔 로봇 '엔봇'을 상용화했다.
- 객실 내 기가지니 호텔 단말을 통해 음성이나 터치로 객실용품을 요청하면 배달은 호텔 로봇이 대신한다.
- AI 호텔 로봇 도입과 함께 다국어 서비스가 적용되면서 기가지니 호텔은 세계 최초 4개 언어로 이용이 가능한 호텔 전용 AI 솔루션으로 거듭났다.",http://daily.hankooki.com/lpage/ittech/201912/dh20191202091443138250.htm,인공지능,2019년12월1주
20191203,[AI 제약대전]제약업계 판도 뒤흔드는 AI 신약개발①,이데일리,"- AI를 응용하면 기존 신약개발 방식에 비해 기간과 비용을 5분의 1 이하로 줄일 수 있다는 점이 확인되면서 AI가  제약산업의 기존 판도를 뒤흔드는 '게임 체인저'로 급부상하고 있다.
- 글로벌 IT 공룡 기업들까지 AI 원천경쟁력을 활용해 제약산업에 속속 뛰어들면서 글로벌 제약업계를 긴장시키고 있다.
- 국내 대표 IT 기업인 네이버와 카카오도 제약회사나 병원 등과 손잡고 제약산업에 진입했다.
- 국내 대표 AI 신약개발 전문업체인 신테카바이오의 김태순 대표는 이제 AI를 제대로 활용하지 못하는 제약사들은 경쟁에서 밀려날 수밖에 없는 시대가 도래했다고 말했다.",https://www.edaily.co.kr/news/read?newsId=01305446622714912&mediaCodeNo=257&OutLnkChk=Y,인공지능,2019년12월1주
20191203,"카카오엔터프라이즈 출범, B2B 시장 겨냥",블로터,#NAME?,http://www.bloter.net/archives/363312,인공지능,2019년12월1주
20191204,댓글·실검 서비스 개편…엇갈린 행보의 네이버·카카오,아시아투데이,"- 최근 사회 문제로 지적되는 악성 댓글과 실시간 검색어 문제 해결에 네이버와 카카오가 상반된 행보를 보이고 있다.
- 카카오는 연예 섹션 뉴스 댓글과 실시간 검색어 서비스를 폐지한 반면 네이버는 인공지능을 확대해 걸러내겠다는 입장이다.
- 네이버는 지난달 자체 개발한 검색 필터링 기술 '클린봇'을 뉴스 서비스로 확대 적용했으며, AI 기반 검색어 추천 시스템 '리요'를 실검 서비스에 적용하는 등 기술적인 문제로 해결하려는 입장이다.",http://www.asiatoday.co.kr/view.php?key=20191203010001402,인공지능,2019년12월1주
20191204,"정부, 연내 AI 국가전략 마련…데이터 경제화 본격 추진",연합뉴스,"- 정부가 연내 인공지능 국가전략을 마련하고 데이터 경제화를 본격 추진한다.
- 정부는 4일 혁신성장전략회의 겸 경제관계장관회의를 열어 1조원 규모의 차세대 AI 기술개발 추진, 광주 AI 융합클러스터 조성, 마이데이터포털 구축, 바이오헬스산업 육성, 드론서비스산업 육성 등의 혁신성장 보완계획을 확정하고 추진하기로 했다.",https://www.yna.co.kr/view/AKR20191204048100002?input=1195m,인공지능,2019년12월1주
20191204,조명 아래 책 펼치면…'클로바 리더'가 읽어드려요,전자신문,"- 네이버가 동화책을 읽어주는 인공지능 디바이스 '클로바 리더'를 내년 중 출시한다.
- 클로바 리더 조명 밑에 책을 놓고 '클로바, 책 읽어줘'라고 말하면 펼쳐진 페이지부터 책을 읽어준다.
- 클로바 리더에는 네이버 화면인식, 문자인식(OCR), 자연어처리(NLP), 음성합성 기술이 종합적으로 적용됐다.",http://www.etnews.com/20191204000082,인공지능,2019년12월1주
20191204,어느새 생활 속에 스며든 AI…취향 저격 서비스 인기,글로벌이코노믹,#NAME?,http://news.g-enews.com/view.php?ud=20191202144716240bf45d5d5ea_1&md=20191204151438_M,인공지능,2019년12월1주
20191206,"하이퍼커넥트, 사진 한 장만으로 얼굴 재현 영상 만드는 AI 기술 공개",데이터넷,"- 영상 기술 기업 하이퍼커넥트가 사진 한 장으로 움직이는 얼굴 영상을 만들 수 있는 기술을 구현했다.
- 하이퍼커넥트가 발표한 '마리오네트'는 재현하고자 하는 얼굴 사진 한 장만 있으면 움직임을 부여하는 얼굴을 따라하는 영상을 만들 수 있는 안면 재현 기술이다.
- 하이퍼커넥트는 이 기술을 모바일 서비스에 바로 적용할 수 있는 수준까지 끌어올린다는 계획이다.",http://www.datanet.co.kr/news/articleView.html?idxno=140103,인공지능,2019년12월1주
20191209,"SKT-통계청, 빅데이터 활용 '유동인구 지도' 서비스 시작",뉴시스,#NAME?,http://www.newsis.com/view/?id=NISX20191209_0000853851&cID=13001&pID=13000,빅데이터,2019년12월2주
20191211,"KB국민카드, 리브메이트 키운다…빅데이터 역량 강화",아주경제,#NAME?,https://www.ajunews.com/view/20191210152400664,빅데이터,2019년12월2주
20191212,"비씨카드, 금융 빅데이터 플랫폼 개소…""창업 성공도 예측 가능""",아시아경제,"- 비씨카드는 12일 금융 빅데이터 플랫폼 개소식을 개최했다.
- 비씨카드는 금융 빅데이터 플랫폼을 구축하고 플랫폼 산하 10개 센터에서 생산된 데이터를 수집, 분석, 융합, 유통하고 카드 소비 행태 데이터를 제공한다.
- 인공지능을 활용한 자영업자 데이터를 통해 창업 성공 가능성을 예측·분석하는 서비스를 제공할 예정이다.
- 금융 빅데이터 플랫폼 구축으로 금융 소비자 수요에 부합하는 데이터 기반 생활서비스까지 제공받을 수 있는 길이 열린 셈이다.",https://view.asiae.co.kr/article/2019121216422353249,빅데이터,2019년12월2주
20191212,"[ICT 산업 마중물, 정보통신방송사업]〈2〉빅데이터로 사회 현안 해결",전자신문,"- 디에이피(DAP), 레이니스트, 하이테크가 데이터 분야 우수성과 기업으로 선정됐다.
- 디에이피는 빅데이터에 기반한 미세먼지를 예측해 예방하는 '스마트 미세먼지 관리시스템'을 개발했다.
- 레이니스트는 금융사별로 나뉘어 보관된 개인 금융 데이터를 한눈에 볼 수 있는 애플리케이션 '뱅크샐러드'를 개발했다.
- 하이테크는 사물인터넷 무선 전용망으로 문화재를 실시간으로 점검하는 '문화재 안전관리 모니터링 시스템'을 개발했다.",http://www.etnews.com/20191212000099,빅데이터,2019년12월2주
20191209,"소비자 리뷰 분석도 AI로…다음소프트, '리뷰플러스' 오픈",플래텀,"- 인공지능 기반 빅데이터 전문 기업 다음소프트가 뷰티 정보 플랫폼 글로우픽과 협업해 AI 기반 리뷰 분석 서비스 '소셜메트릭스 리뷰플러스'를 출시한다.
- 리뷰플러스는 국내 최초로 감성 컴퓨팅(Affective Computing) 기술을 이용해 다음소프트에서 독자 개발한 감성 분석 알고리즘을 적용한 서비스다.
- 국내에 유통되는 뷰티 제품에 대한 리뷰를 실시간으로 분석하고, 이외에도 카테고리별 인기 브랜드와 제품 랭킹 트렌드 등의 결과도 제공한다.
- 다음소프트는 뷰티 분야뿐 아니라 다양한 산업군으로 리뷰 분석 서비스 분야를 확대해 나갈 방침이다.",https://platum.kr/archives/133075,인공지능,2019년12월2주
20191209,"오렌지라이프, 인공지능 접목 '인지기반 RPA' 도입",전자신문,#NAME?,http://www.etnews.com/20191209000358,인공지능,2019년12월2주
20191211,"인포스탁데일리, 실존인물 Al 앵커 도입",디지털투데이,"- 인포스탁데일리가 머니브레인과 손잡고 실존인물을 모델로 한 인공지능 앵커를 국내 처음으로 정규 프로그램에 투입한다.
- 일본이나 중국에서 가상 아나운서 뉴스 방송을 서비스중이나 국내에서 인공지능 앵커를 실제로 출연시키는 것은 처음이다.
- 머니브레인은 인공지능 기술로 실제 뉴스 앵커와 똑같은 말투와 억양뿐 아니라 얼굴 표정 움직임까지 합성해 기술력에서 앞선다는 평가를 받고 있다.
- 인공지능 앵커가 출연하는 프로그램은 '경제 백브리핑'으로, 23일부터 주 3회 방송될 예정이다.",http://www.digitaltoday.co.kr/news/articleView.html?idxno=218744,인공지능,2019년12월2주
20191211,[AI 기업人] 인공지능 데이터의 익명화 기술 개발한 김태훈 딥핑소스 대표,메트로,#NAME?,http://www.metroseoul.co.kr/news/newsview?newscd=2019121100159,인공지능,2019년12월2주
20191212,"구글, AI가 선별한 유익한 기사 상단에 먼저 표출",지디넷코리아,#NAME?,http://www.zdnet.co.kr/view/?no=20191212095140,인공지능,2019년12월2주
20191212,"코리아뉴스플러스, 영문 인공지능(AI) 뉴스 제공",세계일보,#NAME?,http://www.segye.com/newsView/20191212510893?OutUrl=naver,인공지능,2019년12월2주
20191213,"타롯점도 이제 AI 시대… 챗봇 기반 타로 서비스, '봇프렌즈' 눈길",시사위크,"- 퍼스트메카는 인공지능을 기반으로 개발한 타로 챗봇 서비스 '봇프렌즈'를 정식 출시했다.
- 다년간 운세·사주 서비스를 제공해 온 노하우를 활용해 친구와 대화하듯 타로 서비스를 이용할 수 있는 챗봇이다.",http://www.sisaweek.com/news/articleView.html?idxno=129001,인공지능,2019년12월2주
20191214,"[현장에서] ""고객 응대하고 길 안내""…국내 최초 로봇점장 1호 '테미'",한국스포츠경제,"- 미니소코리아는 마블 X 미니소 IP 블랙골드 스토어 1호점에 국내 유통업계에서 처음으로 로봇 점장을 도입했다.
- 로봇 점장 테미는 상품 위치 안내와 응대, 상품 추천, 사진 찍기 서비스를 제공한다.
- 로봇에는 인공지능, 모빌리티, 비디오 세 가지 핵심 기술이 담겼다.",http://www.sporbiz.co.kr/news/articleView.html?idxno=400544,인공지능,2019년12월2주
20191216,"신한은행, 계좌 잔액 예측 서비스 시행",파이낸셜뉴스,"- 신한은행은 모바일뱅킹 '쏠(SOL)'에서 입출금잔액예측 서비스와 마이 캘린더 서비스를 17일부터 시작한다.
- 입출금잔액예측 서비스는 고객 계좌의 데이터를 분석해 일주일 후 예상 잔액을 보여주는 서비스다.
- 마이 캘린더 서비스는 고객의 주요 금융 스케줄과 관련 정보를 보여준다.",http://www.fnnews.com/news/201912161352455907,빅데이터,2019년12월3주
20191217,의료 빅데이터 분산 연구망 실현됐다,의학신문,"- 원광대학교 병원 등 6개 기관이 13일 의료 빅데이터 대규모 업무협약을 체결함으로써 아시아 최대 규모의 의료 빅데이터 공통데이터모델이 실현됐다.
- 업무협약의 주요 내용은 CDM 연구 자유지대의 구축 및 상호 협력이며, 연구자들은 협약기관의 분산 연구망을 이용할 수 있게 됐다.
- 박래웅 분산형 바이오헬스 빅데이터 사업단장은 이번 협약으로 다채로운 연구 활동과 의학 및 제약 사업의 발전에 기여할 수 있으리라 기대한다고 밝혔다.",http://www.bosa.co.kr/news/articleView.html?idxno=2118146,빅데이터,2019년12월3주
20191217,경기도 지역화폐 데이터 판매수익 사용자에 돌려준다,연합뉴스,"- 경기도가 지역화폐 사용 데이터를 판매해 얻은 수익을 사용자들에게 되돌려주기로 했다.
- 도민이 사용한 지역화폐 관련 데이터를 플랫폼을 통해 비식별 정보로 가공·분석해 판매한 뒤, 수익금의 일부를 지역화폐로 사용자에게 돌려주는 방식이다.
- 경기도는 이에 대해 '데이터 주권' 실현과 '데이터 경제' 패러다임을 위한 첫걸음이며 수익을 도민에게 환원하는 '데이터 선순환체계'를 구축하는 것이라고 의미를 부여했다.",https://www.yna.co.kr/view/AKR20191217073600061?input=1195m,빅데이터,2019년12월3주
20191217,"KT, 인공지능 기반 통신 빅데이터 플랫폼 개소",매일경제,"- KT가 개인과 기업이 생활 데이터를 자유롭게 거래할 수 있는 통신 빅데이터 플랫폼을 공개했다.
- 통신 빅데이터 플랫폼은 KT와 산하 16개 센터에서 생산된 데이터가 수집되고, 클라우드와 인공지능을 기반으로 분석된 데이터가 유통되는 거래 플랫폼이다.
- 비전문가도 쉽게 데이터를 추출하고 가공할 수 있는 인공지능 기반 데이터 예측 서비스, 최적 입지를 추천해주는 특화 서비스도 제공한다.",https://www.mk.co.kr/news/it/view/2019/12/1056364/?a=1,빅데이터,2019년12월3주
20191218,10개 빅데이터 플랫폼 막 올랐다…'데이터 거래'도 본격화,디지털데일리,"- 정부 주도로 민관이 협력해 만든 10개 분야 빅데이터 플랫폼이 본격적인 생태계 확장에 나선다.
- 10개 분야의 빅데이터 플랫폼을 구축한 결과 1400여종의 새로운 데이터와 17종의 데이터 기반 혁신 서비스가 개방되었다.
- 이용진 한국정보화진흥원 지능데이터기반팀장은 데이터와 신규 서비스 개발 종수를 늘려갈 것이며 다른 플랫폼과의 연계를 확대해 한곳에서 모든 데이터를 검색할 수 있는 체계를 만들 것이라 밝혔다.",http://www.ddaily.co.kr/news/article/?no=189716,빅데이터,2019년12월3주
20191216,"줌닷컴, '뉴스어라운드' 오픈… AI 콘텐츠 추천",뉴스핌,"- 검색 포털 '줌닷컴'을 서비스하는 줌인터넷은 YTN과 연합뉴스, 연합뉴스TV, 한겨레TV 등 주요 언론사와의 제휴를 통해 실시간으로 업데이트되는 뉴스 영상의 다시보기를 제공하는 서비스 '뉴스어라운드'를 신규 오픈했다.
- '뉴스어라운드'는 영상 클립 재생 목록, 연속 재생, 많이 본 뉴스 등의 편의 기능을 제공한다.
- '추천 뉴스'는 줌인터넷에서 자체 개발한 인공지능·빅데이터 기술 기반의 알고리즘을 활용해 사용자에게 적합한 뉴스 콘텐츠를 추천해준다.",http://www.newspim.com/news/view/20191216000881,인공지능,2019년12월3주
20191216,"[신SW상품대상 11·12월 수상작]큐티티, 이아포(e.a.po)v1.0",전자신문,"- 큐티티는 치아·치주를 촬영해 딥러닝 기반 인공지능으로 분석하는 스마트 셀프 구강검진 앱 '이아포 v1.0'를 서비스중이다.
- 이아포는 애플리케이션을 통해 구강 사진과 문진 데이터를 분석하여 이용자에게 현재 구강 상태를 알려 주고 분석 결과 치과 방문이 필요하다고 판단될 경우 치과 방문을 권유한다.
- 이용자 주변 치과 검색·예약, 제휴 치과와의 실시간 상담, 복약 관리도 가능하다.",http://www.etnews.com/20191216000145,인공지능,2019년12월3주
20191217,"정부, AI 국가전략 발표…""AI 반도체 세계 1위 목표""",블로터,"- 정부가 국가 차원의 인공지능 전략을 발표했다.
- 인공지능을 통해 산업과 사회 모든 영역에서 패러다임을 전환하고 2030년까지 최대 455조원의 인공지능 경제 효과 창출, 삶의 질을 세계 10위 수준으로 끌어올리겠다는 목표다.
- 이를 위해 정부는 세계를 선도하는 AI 생태계 구축, AI를 가장 잘 활용하는 나라, 사람 중심의 AI 구현 등 3대 분야의 9대 전략과 100대 실행 과제를 마련할 방침이다.",http://www.bloter.net/archives/364678,인공지능,2019년12월3주
20191218,그랩의 방대한 데이터 활용…'AI everywhere'기업될 것,매일경제,"- 우이응압푸 그랩 성장 및 인공지능 부문 대표가 그랩은 사업 전반에 인공지능을 활용하는 'AI 에브리웨어' 기업이 되는 것이 목표라고 밝혔다.
- 차량을 호출하는 모빌리티 앱으로 시작했지만 배달부터 헬스케어까지 아우르는 '슈퍼 앱'으로 진화하고 있는 그랩은 이미 동남자 최대 AI 역량을 보유한 기업으로 꼽힌다.
- 그랩은 AI를 통해 지도 개선, 교통 혼잡 문제 해결, 도시 인프라스트럭처를 위한 정보 수집에 기여하고 있다.",https://www.mk.co.kr/news/economy/view/2019/12/1062455/?a=1,인공지능,2019년12월3주
20191219,"딜리버리히어로코리아, 허위 포토리뷰 자동분류 AI연구 공개",지디넷코리아,"- 딜리버리히어로코리아는 2019 한국소프트웨어종합학술대회에 참가해 허위 포토리뷰 자동 분류 AI 프로세스 사례를 공개한다.
- 배달앱 서비스에 작성되는 허위 리뷰 등의 부작용을 개선하기 위해 가짜 포토리뷰는 걸러내고 정확도를 업그레이드한 딥러닝 기반의 포토리뷰 자동분류 AI 프로세스 모델을 독자적으로 구축했다.
- 단순 사물인식 수준보다 한층 더 데이터 인식 수준을 고도화하여 96% 수준까지 허위 포토리뷰를 분류할 수 있도록 정확도를 끌어올렸다.
- 이 시스템 연구를 주도한 손진광 데이터 사이언티스트는 이 기술이 배달앱에만 국한하지 않고 다양한 전자상거래 서비스에도 활용될 수 있으며 배달앱과 같은 플랫폼 운영 시에 허위 리뷰에 대해 효과적으로 대응해 나갈 수 있으리라 기대한다고 밝혔다.",http://www.zdnet.co.kr/view/?no=20191219161612,인공지능,2019년12월3주
20191219,"국립중앙도서관, 로봇이 안내 서비스…4개 국어 '큐아이'",뉴시스,"- 국립중앙도서관은 내년 1월부터 인공지능 기반 도슨트 전문 로봇 '큐아이'를 배치한다.
- '큐아이'는 한국어는 물론 4개 국어 안내 및 음성 채팅이 가능하며, 전시·도서관 시설·공지사항을 안내하고 전국 도서관 인기대출 도서 정보를 소개한다.
- 인공지능 기능 탑재로 내장된 질문 외에도 자가학습을 통해 관람객의 질문을 이해하고 필요한 정보를 제공한다는 점이 특징이다.",http://www.newsis.com/view/?id=NISX20191219_0000865790&cID=10701&pID=10700,인공지능,2019년12월3주
20191219,인공지능 은행원 통한 예약·상담 서비스 나온다,서울경제,"- 금융위원회·감독원은 한시적으로 금융규제를 면제받는 혁신금융서비스 9건을 지정했다.
- 가장 눈에 띄는 것은 NH농협은행의 AI은행원을 통한 예약·상담 서비스다.
- NH농협은행의 AI은행원 예약·상담 서비스는 신기술을 활용해 창구의 혼잡도를 사전에 확인하고 방문을 예약하고 맞춤형 금융 상품 정보를 제공한다.
- 이밖에도 코리아크레딧뷰로의 동형암호 기반 데이터분석 서비스, SK증권의 장외 채권중개 플랫폼도 혁심금융서비스 등도 혁신금융서비스로 지정됐다.",https://www.sedaily.com/NewsView/1VS4W6E5JZ,인공지능,2019년12월3주
20191220,AI비서가 주식거래 대신해드려요,매일경제,"- 인공지능을 기반으로 한 개인투자자용 주식 주문 비서 서비스 '라씨트레이더'가 등장했다.
- 투자자가 투자 종목을 정해주면 이 종목과 관련한 빅데이터를 딥러닝 등 AI 기법으로 분석해 최적의 가격으로 매수·매도할 수 있도록 도와준다.
- 단순한 분할 매수가 아니라 시장 상황, 업종, 종목의 체결 강도 등 빅데이터를 학습해 시장 상황에 맞게 분할 주문한다.
- 현재는 키움증권을 통해서만 사용할 수 있지만 앞으로 NH투자증권, 한국투자증권 등으로 서비스를 확대할 예정이다.",https://www.mk.co.kr/news/stock/view/2019/12/1070483/?a=1,인공지능,2019년12월3주
20191223,마케팅 전략도 이제는 데이터 시대…'UBIST Data Bank' 주목,팜뉴스,"- 유비케어가 헬스케어 데이터 분석유통 플랫폼 '유비스트 데이터 뱅크'를 출시해 주목을 받고 있다.
- 의료·헬스케어 빅데이터를 기반으로 사업계획, 영업, 마케팅, 임상·신제품 개발 등 광범위한 영역에서 활용할 수 있는 데이터 제공을 목표로 하며, 주요 고객층인 제약사에서 좋은 평가를 받고 있다.
- 유비케어는 유비스트 데이터 뱅크를 통해 의약품 원외처방 시장 전망 및 마케팅 분석 콘텐츠, 의약품 처방 패턴 분석 콘텐츠, 의약품 이상사례 분석 콘텐츠 등의 데이터 서비스를 제공한다.",http://www.pharmnews.com/news/articleView.html?idxno=99684,빅데이터,2019년12월4주
20191226,"더존비즈온, 세무회계 주요거래 적격증빙 데이터 자동 수집",디지털타임스,"- 더존비즈온의 '위하고 티'는 세무회계사무소의 업무와 비즈니스 전반을 클라우드로 제공하는 통합정보시스템이다.
- '위하고 티'는 빅데이터, 인공지능 기술로 주요거래의 적격증빙 데이터가 자동수집되며 과거 회계처리 이력을 통해 자동회계처리된다.",http://www.dt.co.kr/contents.html?article_no=2019122702102231033002&ref=naver,빅데이터,2019년12월4주
20191227,"기웅정보통신, 아파트 생활 빅데이터 센터 구축",AI타임스,"- 기웅정보통신이 국내 최초로 '아파트 생활 빅데이터 센터'를 구축해 BC카드의 '금융빅데이터플랫폼'을 통해 아파트 생활 빅데이터를 제공한다.
- 아파트 생활 빅데이터 센터는 아파트의 시세 및 실거래가, 부대시설, 거주 유형 및 기간, 주차장 활용도, 관리비 등 총 18종류의 통계 데이터를 우선 개방한다.
- 기웅정보통신은 센터에서 보유한 아파트 빅데이터를 활용해 '아파트 입주민 전용 신용등급'을 개발할 계획이다.",http://www.aitimes.com/news/articleView.html?idxno=124007,빅데이터,2019년12월4주
20191227,"KB국민은행, 실시간 비대면 데이터 분석시스템 구축",한국경제,#NAME?,https://www.hankyung.com/economy/article/2019122751606,빅데이터,2019년12월4주
20191223,"AI가 불법주정차 과태료 문의 받는다…중구, '챗봇' 도입",뉴시스,"- 서울시 중구는 내년 1월부터 전국 최초로 주·정차 위반 과태료 납부 관련 상담에 인공지능이 탑재된 챗봇을 도입한다.
- 구가 문의전화 유형을 분류한 결과 주·정차 위반 과태료를 납부하기 위한 가상계좌 요청이 52%를 차지해 이와 관련한 단순 처리 사항을 내년부터 문자 상담 챗봇에 맡기겠다는 계획이다.
- 이 시스템은 올해 상용화된 최신 기술인 클라우드 기반의 AI 서비스가 활용된다.",http://www.newsis.com/view/?id=NISX20191223_0000868481&cID=10201&pID=10200,인공지능,2019년12월4주
20191223,"365mc, 카카오엔터와 협약…'AI 식단일기' 개발",머니투데이,"- 365mc는 카카오엔터프라이즈와 지방흡입 특화 인공지능 식사일기 개발을 위한 업무협약을 맺었다.
- 지방흡입 특화 인공지능 식사일기는 카카오톡 대화창에 단어를 입력하면 인공지능이 최적의 식단을 구성하고 올바른 생활습관을 형성할 수 있도록 도와주는 서비스다.
- 김남철 365mc네트웍스 대표는 비만 하나만 연구해온 365mc의 의료 기술과 카카오엔터프라이즈가 만나 큰 시너지를 낼 것이라 기대한다고 밝혔다.",https://news.mt.co.kr/mtview.php?no=2019122308390141695,인공지능,2019년12월4주
20191224,"교통사고 과실, 몇 대 몇'···인공지능기술로 세계최초 분석",뉴시스,#NAME?,http://www.newsis.com/view/?id=NISX20191224_0000869947&cID=13001&pID=13000,인공지능,2019년12월4주
20191225,"중국, 인공지능 활용해 탈세 잡아낸다",한겨레,"- 중국 연구진이 탈세 시도를 감지할 수 있는 인공지능 조세시스템을 개발중이다.
- 이 조세시스템은 탈세 감지율이 약 95%이며 기존에 알려지지 않은 탈세 수법까지도 감지해낼 수 있다고 중국 언론이 전했다.
- 중국은 아직 이 시스템의 전면 도입을 승인하지 않았지만 중국 경제발전을 주도하는 동부 지역을 중심으로 이뤄진 시험평가에서 '매우 긍정적인' 결과를 얻은 것으로 전해졌다.",http://www.hani.co.kr/arti/international/china/922105.html,인공지능,2019년12월4주
20191226,"구글 브레인, AI기반 문서 요약 프로그램 개발",AI타임스,"- 구글의 딥러닝 인공지능 프로젝트 구글 브레인 연구팀이 영국 임페리얼 칼리지 런던과 협업하여 '페가수스'라는 AI 기반의 자동 텍스트 요약 시스템을 개발했다.
- 구글에 따르면 이 '페가수스' 모델은 기존의 텍스트 요약 시스템보다 훨씬 자세하고 간결한 요약이 가능하다.
- 현재 사용되고 있는 기술은 요약을 위해 여러 텍스트 부분들을 선택·조합하는 방식이나, 구글 브레인은 새로운 단어를 생성해 각기 다른 부분들을 연결함으로써 일관성 있고 자연스러운 요약본을 만들어낸다.",http://www.aitimes.com/news/articleView.html?idxno=124001,인공지능,2019년12월4주
20191226,"낚시 할 포인트를 알려주는 AI(인공지능) 어플, '피시브레인(FishBrain)'",AI타임스,"- 스웨덴의 낚시 정보 업체 피시브레인이 AI를 접목해 원하는 어종을 언제 어디서 잡으면 되는지 알려주는 애플리케이션을 출시했다.
- 370만 개 이상의 어종 데이터를 확보하고 있어, 물고기 사진을 올리면 컴퓨터 비전을 통해 인식하고 관련한 고급 정보를 제공한다.",http://www.aitimes.com/news/articleView.html?idxno=123936,인공지능,2019년12월4주
20191227,"프리미엄 로보어드바이저 투자 자문앱 '불릴레오' 런칭, 시나리오 투자에 관심 집중",아시아경제,"- 국내 최초의 시나리오 기반 로보어드바이저 서비스 '불릴레오'가 출시됐다.
- '불릴레오'의 무기는 '시나리오'로, 세계적인 투자 귀재들의 투자전략을 기반으로 현 경제상황에 최적화된 시나리오를 제공한다.
- 투자자들의 선호와 성향을 충분히 반영할 수 있도록 다양한 투자 전략이 마련되어 있다.",https://view.asiae.co.kr/article/2019122415360699081,인공지능,2019년12월4주
20191229,[人사이트]조재희 플레이42 대표 '예측 게임으로 사용자와 콘텐츠기업 모두에 기쁨을',전자신문,"- 플레이42는 '예측 게임'이라는 다소 생소한 콘텐츠 서비스인 '이거 뜰까? 예측게임 캐스터'의 베타서비스를 오픈했다.
- '캐스터'는 사용자가 관심 있는 문화 콘텐츠의 향후 전개를 예측하고 가상 포인트로 보상을 받는 인터렉티브 콘텐츠 서비스다.
- 예측 게임으로 모은 데이터는 관련 콘텐츠 성공 여부를 사전에 가늠하는 기반이 되므로 기업에도 도움이 될 수 있다.
- 내년에 '캐스터' 정식 서비스를 개시해 국내 예측 엔터테인먼트 시장 개척을 본격화할 계획이다.",http://www.etnews.com/20191227000183,빅데이터,2020년1월1주
20191229,"과기부, 내년 AI 원료 데이터 6천여만건 추가 공개…민간 활용 기대↑",뉴시스,"- 정부가 인공지능 원료가 될 수 있는 데이터를 추가로 6000여만건 공개하기로 했다.
- 과기부는 데이터를 작년 상반기까지 1850만건, 올 연말에 2500만건을 개방했다.
- 데이터 추가 공개에 따라 민간 기업과 전문가들이 인공지능 기술과 서비스를 개발할 기회가 더 확대될 전망이다.",http://www.newsis.com/view/?id=NISX20191229_0000873638&cID=13001&pID=13000,빅데이터,2020년1월1주
20191230,빅데이터 기반 렌터카보험 전문 '자신만만 렌터카보험연구소' 출범,데이터넷,"- 빅데이터 기반 렌터카보험전문 연구·컨설팅기업 '자신만만 렌터카보험연구소'가 공식 출범한다.
- '자신만만 렌터카보험연구소'는 보험전문가와 빅데이터 분석전문가가 참여해 수백종의 렌터카보험 관련 정보를 면밀히 추적 관리해 준다.
- 지난 6월부터 파일럿 서비스를 운영한 결과 렌터카 보험료와 손해율을 낮추는 등 획기적인 성과를 기록해 렌터카 업계의 핫이슈로 주목받고 있다.",http://www.datanet.co.kr/news/articleView.html?idxno=141003,빅데이터,2020년1월1주
20200101,"[핀테크人사이트] 김진경 빅밸류 대표 ""부동산 데이터 선도기업 꿈꾼다""",뉴스핌,"- '빅밸류'는 국내 최초로 빅데이터와 인공지능을 결합해 연립주택과 다세대주택 시세를 자동 산출해 주는 부동산 빅데이터 기업이다.
- 김진경 대표는 국내 가계자산 중 부동산의 비중이 높은데도 정작 부동산 시세 정보는 미흡해, 이를 보완할 기술을 개발해 금융소비자 불편을 해소하기 위해 '빅밸류'를 만들었다.
- '빅밸류'는 소형 아파트, 공장, 산업단지, 나아가 대형 아파트로 서비스 범위를 점차 넓혀 나갈 계획이다",http://www.newspim.com/news/view/20191230000570,빅데이터,2020년1월1주
20191231,"<이달의 혁신기업> 노티플러스, 맞춤형 뉴스 제공으로 최강 플랫폼 목표",한국일보,"- 인공지능 기반 개인 맞춤형 콘텐츠 추천 플랫폼 '뉴스픽'이 가파른 상승세를 보이고 있다.
- '뉴스픽'은 사용자 만족도를 높이기 위해 사용자 데이터를 축적해 맞춤형 서비스를 고도화한다.
- 이영재 대표는 정보가 쏟아지는 시대에 사용자에게 최적화된 콘텐츠 추천 플랫폼이 되겠다며 뉴스픽 사용자 2000만명이 목표라고 밝혔다.",https://www.hankookilbo.com/News/Read/201912181332038897?did=NA&dtype=&dtypecode=&prnewsid=,인공지능,2020년1월1주
20200101,"[2020 AI노믹스 산업지도]SW·IT서비스 업계, AI 접목 신기술·서비스 출시 봇물",전자신문,"- 소프트웨어(SW)와 정보기술(IT) 서비스 업계가 인공지능 기술 역량과 서비스 확보에 역량을 집중하고 있다.
- 티맥스소프트는 'AI 기반 융합 플랫폼' 서비스를 발표, 한글과컴퓨터는 '한컴오피스 2020' 신제품에 AI 기술을 탑재, 더존비즈온은 '실시간 회계 빅데이터를 활용한 AI 신용정보 제공 서비스'를 출시하는 등 주요 SW 업계가 AI 기술과 신규 서비스를 속속 출시했다.
- 삼성SDS, LG CNS, SK C&C 등 IT서비스 업계도 AI에 사활을 걸고 기술과 서비스를 대거 선보였다.",http://www.etnews.com/20191230000065,인공지능,2020년1월1주
20200102,"웅진씽크빅, 개인별 맞춤 도서 큐레이션 해주는 'AI맞춤 투데이' 선 봬",팍스경제TV,"- 웅진씽크빅이 맞춤 독서 솔루션 'AI독서케어'를 한 단계 업그레이드한 디지털 책장 'AI맞춤 투데이'를 선보인다.
- 'AI맞춤 투데이'는 아이의 독서 흥미와 습관, 선호 유형 등을 AI 알고리즘으로 분석해 개인별 맞춤 도서 및 콘텐츠를 큐레이션하는 서비스다.
- 관계자는 '웅진씽크빅의 40년 아동 도서 노하우와 누적된 빅데이터를 통해 최적의 맞춤 독서 큐레이션 서비스를 선보이고 있으며, 아이들이 균형 있는 독서 습관을 가질 수 있도록 서비스를 지속적으로 고도화할 예정'이라 밝혔다.",http://www.paxetv.com/news/articleView.html?idxno=84059,인공지능,2020년1월1주
20200102,[카카오톡 활용하기] '뉴스봇! 오늘 사회 기사 보여줘',IT동아,"- 카카오 '뉴스봇' 서비스는 카카오톡 대화방을 통해 분야별 뉴스와 생활 정보, 검색 기능을 제공하는 채팅형 뉴스 플랫폼이다.
- '뉴스봇'은 포털 사이트와는 다르게 본인이 관심 있는 분야의 뉴스를 원하는 시간대에 메시지처럼 받을 수 있다.
- 채팅창에 단어나 문장을 입력해 뉴스를 검색할 수도 있으며, 추후 업데이트를 통해 속보 알림도 제공할 예정이다.",http://it.donga.com/29939/,인공지능,2020년1월1주
20200102,"""마이너리티 리포트처럼… 범죄예측 AI CCTV 개발""",서울경제,"- 한국전자통신연구원(ETRI)은 현재 CCTV 상황을 분석해 범죄 발생 확률을 예측하는 '예측적 영상보안 원천기술'을 2022년까지 개발한다고 밝혔다.
- ETRI는 선진국이 진행 중인 통계적 범죄 예측 방식에 지능형 CCTV 영상분석 기술을 더했다.
- ETRI 연구진은 법원 판결문, 범죄 영상 등을 확보해 AI를 고도화할 예정이며, 성범죄 전과가 있는 대상자를 관리하는 기술도 개발할 계획이다.",https://www.sedaily.com/NewsView/1YXHOBE3RI,인공지능,2020년1월1주
20200103,금융권서 파이 커진 '레그테크'…AI로 규제 돌파,대한금융신문,"- 금융사들이 규제 대응에 인공지능 등 신기술을 활용하는 폭이 넓어지면서 금융권 레그테크 시장의 파이가 커지고 있다.
- 대출사기문자 방지 AI 알고리즘 개발에 협업하는 KB국민은행, 보이스피싱 방지 AI앱 'IBK피싱스톱'을 운영하는 IBK기업은행, 자사 보험사기 예측시스템에 머신러닝 기법의 AI를 도입한 ABL생명, AI 언더라이팅 시스템 '바로'를 도입한 교보생명 등 AI를 활용한 다양한 레그테크 활용 사업이 눈에 띈다.
- 금융권에 레그테크가 날로 발전하는 이유는 데이터양의 급증으로 데이터 분석에 많은 자원이 투입되는 환경 때문이다.
- 금융업계 관계자는 앞으로 IT 규제대응 방식이 날로 고도화될 것으로 전망했다.",http://www.kbanker.co.kr/news/articleView.html?idxno=88601,인공지능,2020년1월1주
20200108,데이터를 보면 위기가 보인다,더피알,#NAME?,http://www.the-pr.co.kr/news/articleView.html?idxno=43997,빅데이터,2020년1월2주
20200108,"카투(주), 국내 렌터카사 견적을 한번에 볼 수 있는 '세일즈렌트카' 앱 출시",브릿지경제,"- 카투주식회사가 국내 주요 렌트카사의 견적을 한번에 비교할 수 있는 '세일즈렌트카' 앱을 출시한다.
- '세일즈렌트카' 앱은 빅데이터 분석을 통해 20여 개의 장기렌트카 업체의 비교 견적을 볼 수 있다.
- 비교 견적 확인 후 상담을 요청하는 고객을 중개하는 '중개인 특화 서비스'도 제공된다.",http://www.viva100.com/main/view.php?key=20200108001432305,빅데이터,2020년1월2주
20200110,데이터 3법 '기대와 우려',내일신문,"- 데이터 3법이 국회를 통과하면서 신산업 육성에 대한 기대와 함께 우려의 목소리가 나오고 있다.
- 데이터 3법은 가명정보를 상업적 목적을 포함한 통계 작성과 연구 등에 개인 동의 없이 활용할 수 있도록 하는 내용이 골자다.
- 산업계에서는 빅데이터 활용으로 인공지능과 신산업 육성에 대한 기대가 높다.
- 한편 정보 주체인 국민의 동의 없이 개인정보를 상업적 목적에 활용하는 것에 대한 우려의 목소리도 크다.",http://www.naeil.com/news_view/?id_art=337414,빅데이터,2020년1월2주
20200105,네이버서 저품질 기사 줄어드나…AI 활용해 검색 서비스 개편,한국경제,#NAME?,https://www.hankyung.com/it/article/202001053342i,인공지능,2020년1월2주
20200106,"뉴스핌·씽크풀, AI투자비서 서비스 '뉴스핌라씨로' 출시",뉴스핌,"- 뉴스핌과 씽크풀이 AI 투자비서 서비스 '뉴스핌라씨로'를 출시했다.
- '뉴스핌라씨로'는 인공지능과 빅데이터 분석 기술을 기반으로 주식 시장의 방대한 데이터를 분석해주는 AI 투자비서 서비스다.
- 주요 콘텐츠는 실시간 실적분석, 급등주분석, 순매매상위 신규등장, 시간외 급등종목, 실시간 인기검색어 , 공매도 잔고 포착, 테마특징주 등이 있다.",http://www.newspim.com/news/view/20200103000159,인공지능,2020년1월2주
20200106,"무신사 ""AI가 옷 코디…올 거래액 1.5兆 돌파""",한국경제,"- 온라인 패션쇼핑몰 1위인 '무신사'가 올해 인공지능 등 신기술을 대거 도입한다.
- 빅데이터에 기반한 소비자 맞춤형 정보 제공, 이미지 및 보이스 검색, 360도 코디숍 등의 서비스도 시작한다.
- 올해는 신기술을 도입해 거래액 1조 5천억원을 돌파하겠다는 목표다.",https://www.hankyung.com/economy/article/2020010664701,인공지능,2020년1월2주
20200107,"""말로 하는 쇼핑이 대세""… 유통가 '보이스 커머스' 전쟁 막 오르나",조선비즈,"- 국내 유통업계가 AI 스피커를 활용하여 보이스 커머스 시장 공략에 나섰다.
- 롯데쇼핑은 지난 5일 음성 인식 쇼핑과  제품 추천 기능을 갖춘 AI 스피커 '샬롯홈'을 선보였다.
- 현대백화점은 이르면 올 상반기 중 AI 스피커를 통한 추천 서비스를 시작할 예정이며, 신세계는 음성 인식 쇼핑 사업 강화를 검토하고 있다.",https://biz.chosun.com/site/data/html_dir/2020/01/06/2020010603219.html?utm_source=naver&utm_medium=original&utm_campaign=biz,인공지능,2020년1월2주
20200107,"[#Let's 스타트업] 와이더플래닛, AI·빅데이터로 '맞춤형 광고' 매칭 서비스",매일경제,#NAME?,https://www.mk.co.kr/news/it/view/2020/01/21480/,인공지능,2020년1월2주
20200108,"구글 ""안드로이드폰서 웹페이지 읽어주는 기능 올해 출시""",연합뉴스,"- 구글이 올해 중으로 안드로이드 기반 스마트폰에서 웹페이지를 음성으로 읽어주는 기능을 출시한다고 밝혔다.
- 안드로이드 스마트폰에서 영어로 된 웹사이트를 띄운 뒤 '구글, 읽어줘'라고 말하면 웹사이트의 내용을 음성으로 읽어준다.
- 영어 텍스트를 42개의 다른 언어로 번역한 뒤 읽어주는 기능도 지원한다.",https://www.yna.co.kr/view/AKR20200108040600091?input=1195m,인공지능,2020년1월2주
20200108,[CES 2020 개막] AI·로봇·모빌리티 혁신경쟁 치열,지디넷코리아,"- 세계 최대 첨단기술 전시회 'CES 2020'이 미국 라스베이거스에서 막을 올렸다.
- CES를 주최하는 미국소비자기술협회가 정한 '일상 속에 스민 인공지능(AI in everyday life)'이라는 올해 슬로건이 체감되는 전시가 주를 이루었다.
- 국내기업 중 삼성전자는 인공인간 프로젝트 '네온', IoT 냉장고인 '패밀리허브', AI 보조 셰프인 '삼성봇 셰프' 등을 소개했으며 LG전자는 컨퍼런스를 통해 '인공지능 발전 단계'를 발표하며 인공지능에 대해 강조했다.
- 삼성전자의 기조연설에 등장해 화제를 모은 테니스공 모양의 지능형 컴퍼니언 로봇 '볼리', LG전자의 '클로이 테이블' 등 이번 CES에는 다양한 로봇들이 등장했다.
- 현대자동차나 메르세데스-벤츠, BMW와 같은 자동차사뿐 아니라 SK텔레콤, 삼성전자, LG전자, 소니, 퀄컴 등 다양한 기업이 모빌리티 청사진을 제시했다.",http://www.zdnet.co.kr/view/?no=20200108135605,인공지능,2020년1월2주
20200108,"기업은행, AI 활용 'IBK 알파세무신고' 서비스 출시",머니투데이,"- IBK기업은행이 은행권 최초로 인공지능 기술을 활용해 소상공인의 세무신고를 지원하는 'IBK 알파세무신고' 서비스를 출시했다.
- 이 서비스는 카드매출, 계좌 거래내역 등의 데이터를 수집해 인공지능 기술로 세무장부를 자동 작성하며, 원클릭 세무신고, 동일업종 납부세율 비교, 부가세 예상액 추정 등의 혜택을 제공한다.
- 이번 'IBK 알파세무신고' 서비스 출시를 통해 4차 산업기술을 활용한 지능형 뱅킹 서비스 'IBK 알파' 시리즈의 라인업을 완성했다.",https://news.mt.co.kr/mtview.php?no=2020010810071661152,인공지능,2020년1월2주
20200109,"카카오엔터프라이즈, 특허청에 AI 기술 제공",디지털타임스,#NAME?,http://www.dt.co.kr/contents.html?article_no=2020010902109931033005&ref=naver,인공지능,2020년1월2주
20200109,"롯데百, 고객 불만 AI 자동분석…경영 밑거름으로 쓴다",전자신문,"- 롯데백화점이 고객 컴플레인을 정형화하는 인공지능 분석 시스템을 전격 도입한다.
- VOC에 쌓인 데이터를 유의미한 형태로 내부 경영에 적극 활용한다는 계산이다.
- 이번 시스템은 고객 불만글의 핵심과 의도를 자동으로 파악하고, 글의 의미를 분석해 현장 업무 개선에 필요한 메시지를 추출하는 것이 핵심이다.
- 롯데백화점은 이번 'VOC 데이터 랩'을 통해 현장 업무 역량이 획기적으로 개선될 것으로 보고 있다.",http://www.etnews.com/20200109000221,인공지능,2020년1월2주
20200113,"비자코리아 ""빅데이터 기반 컨설팅 서비스 확대""",연합뉴스,"- 결제 네트워크 기업 비자 코리아가 빅데이터 기반의 컨설팅 서비스를 확대하고 핀테크 업체와의 협업도 강화할 계획이다.
- 패트릭 윤 비자 코리아 사장은 결제 데이터 분석의 독보적 역량을 기반으로 컨설팅 서비스를 확대하겠다고 말했다.
- 비자 코리아는 법인 전용 국제 송금 서비스, 카드나 계좌번호만으로 개인간 해외송금이 가능한 '비자 다이렉트'를 선보일 예정이다.",https://www.yna.co.kr/view/AKR20200113077300002?input=1195m,빅데이터,2020년1월3주
20200113,"[SW인터뷰②] 이정주 하이메디 대표 ""빅데이터 모아 병원추천도 객관화""",스포츠월드,"- '하이메디'는 국내 최초 중동지역 기반 의료관광 컨시어지 서비스를 제공하는 헬스케어 유망 기업이다.
- '하이메디'는 기존 컨시어지 서비스를 넘어 빅데이터를 기반으로 한 디지털 헬스케어 기업으로 나아간다.
- 8년간 쌓은 경험을 바탕으로 병원 추천이 골자인 의료관광 플랫폼 서비스를 제공할 예정이다.",http://www.sportsworldi.com/newsView/20200113502542,빅데이터,2020년1월3주
20200113,"파수닷컴, BC카드에 비식별화 솔루션 공급",지디넷코리아,"- 파수닷컴이 국내 금융 빅데이터 플랫폼을 운영하고 있는 BC카드에 비식별화 솔루션을 공급했다.
- BC카드는 각 빅데이터 플랫폼 산하 센터로부터 받은 비식별 데이터들을 파수닷컴 비식별화 솔루션 '애널리틱디아이디'를 통해 적절하게 조치됐는지 검토한다. 
- '애널리틱디아이디'는 국내 가이드라인에 명시된 비식별 기법, 국제 표준의 다양한 기술, 유럽 일반 개인정보보호법(GDPR)에서 명시하고 있는 가명화·익명화 조치를 지원한다.",http://www.zdnet.co.kr/view/?no=20200113171124,빅데이터,2020년1월3주
20200114,"방통위, 스팸 빅데이터 개방해 금융사기·도박 근절한다",전자신문,"- 방송통신위원회가 스팸으로 시작되는 보이스피싱, 금융사기, 불법도박 등의 범죄 증가에 대응해 '스팸 빅데이터 개방 사업'을 추진한다.
- 방통위는 개별 신고 처리·조사에만 활용된 스팸 빅데이터를 관계기관에 개방해 범죄에 신속 대응하고 스팸으로 인한 피해를 줄이도록 지원한다.
- 방통위는 스팸 데이터를 필요로 하는 다양한 규제기관과 협력관계를 확대하며, 솔루션 개발 기업·대학에도 연구 등에 활용하도록 제공한다.",http://www.etnews.com/20200114000205,빅데이터,2020년1월3주
20200114,"웰그램, 빅데이터 기반 보험비교 플랫폼 '누잘' 출시",IT조선,"- 인슈어테크 기업 웰그램은 빅데이터 기반 보험 비교 플랫폼 '누잘'을 출시했다.
- '누잘'은 개인정보 노출 없이 성별과 나이만으로 인터넷에서 판매중인 다양한 보험 상품과 특약 정보를 한눈에 보여준다.
- 이길웅 웰그램 대표는 '현재는 인터넷 보험 위주지만 향후 대면 보험 등 다양한 보험 상품을 비교하는 고객중심 서비스가 되겠다'고 말했다.",http://it.chosun.com/site/data/html_dir/2020/01/14/2020011402085.html,빅데이터,2020년1월3주
20200113,"[해외는] ""AI가 문장 교열도""…日에 시스템 등장",워크투데이,"- 일본의 인쇄업체 돗판인쇄가 인공지능을 활용해 문장을 교열하는 'AI교열·교정지원시스템'을 개발했다.
- 제 1탄이 미즈호은행에 도입됐으며 광고 팸플릿 등의 제작에 활용된다.
- 이 시스템은 AI에 전문 용어 등을 학습시켰으며, 도입 기업의 표기 기준에 따라 교정·교열을 할 수 있다.
- 돗판인쇄는 광고물 외에도 사내 문서 등 폭넓은 활용이 가능하리라 예상하고 있다.",http://www.worktoday.co.kr/news/articleView.html?idxno=5659,인공지능,2020년1월3주
20200113,"픽사우스, 영국의 TAOPIX 솔루션 적용한 인공지능 포토북 론칭",투데이코리아,#NAME?,http://www.todaykorea.co.kr/news/view.php?no=267378,인공지능,2020년1월3주
20200114,"스켈터랩스, 자체 AI 언어모델로 한국어 기계 독해 평가 1위 달성",한국경제,"- 인공지능 기업 스켈터랩스가 자체 개발한 한국어 AI 언어모델이 한국어 기계 독해 데이터셋 'KorQuAD 1.0' 기반 성능 평가 리더보드에서 1위를 기록했다.
- 이번에 평가받은 스켈터랩스 AI모델은 양이 적은 학습 데이터로도 한국어의 다양한 고유 특성을 학습할 수 있도록 설계됐으며, 자체 프레임워크를 개발해 모델 성능을 향상시켰다.
- 스켈터랩스는 해당 모델을 바탕으로 한 질의응답 기술을 자사 AI 챗봇 설계 솔루션 'AIQ. TALK Chatbot'에 적용하고 모듈 단위로도 제공할 예정이다.",https://www.hankyung.com/it/article/202001146596j,인공지능,2020년1월3주
20200115,[ICT 4.0] '고속성장' 줌(ZUM)닷컴…비결은 AI·빅데이터 혁신,뉴스핌,"- 줌(ZUM)닷컴이 인공지능·빅데이터 등 빠른 기술 혁신과 '개방형'이라는 콘셉트를 앞세워 국내 포털에서 입지를 다지고 있다.
- 줌닷컴은 자체 검색 엔진을 활용해 축적된 빅데이터를 분석해 타 포털에서 찾을 수 없는 웹사이트나 커뮤니티를 제공중이다.
- 빅데이터 처리 고도화를 통해 검색 정확도를 높이고, '셀럽 Now'와 같은 차별화된 서비스를 제공한다.
- 인공지능의 핵심 기술로 분류되는 자연어 처리에서도 두각을 나타내고 있다.",http://www.newspim.com/news/view/20200113001118,인공지능,2020년1월3주
20200115,"아시아나항공, AI 챗봇 '아론' 이용자 300% 증가",뉴스1,"- 아시아나항공이 고객 안내 및 예약, 항공기 운항 환경 분석 등 다양한 분야에 인공지능을 도입해 고객 편의를 높이고 있다.
- 한국어·영어·중국어로 다양한 플랫폼을 통해 실시간으로 예약 발권과 문의가 가능한 아시아나항공의 AI챗봇 '아론'의 지난해 이용자가 전년 대비 300% 증가했다.
- 이외에도 아시아나항공은 인공지능을 이용해 항공 정보를 분석하는 'Wind-AI' 시스템을 도입해 기상정보를 분석해 회항을 줄이고 운항 규정 위반 가능성을 대폭 낮췄다.",http://news1.kr/articles/?3817110,인공지능,2020년1월3주
20200115,"한화생명, 업계 첫 AI 보험금 지급 심사",매일경제,"- 한화생명이 업계 최초로 보험금 지급 여부를 인공지능이 심사하는 '클레임 AI 자동 심사 시스템'을 도입했다.
- 한화생명은 과거 3년간 보험금 청구 데이터 1100만건을 활용해 머신러닝과 강화학습 과정을 거쳐 이 시스템을 개발했다.
- 자동 심사율이 높아질수록 고객 입장에서는 보험금 수령 기일이 단축을, 보험사 입장에서는 심사 효율성 향상과 비용 절감 효과를 기대할 수 있다. ",https://www.mk.co.kr/news/economy/view/2020/01/50051/,인공지능,2020년1월3주
20200117,AI로 대박·쪽박 가늠하는 할리우드 제작사들,조선일보,"- 할리우드 영화 배급·제작사 워너브라더스가 영화 산업 분석 업체인 시넬틱(Cinelytic)과 계약해 영화 흥행 가능성을 예측하는 AI 시스템을 도입한다.
- 워너브라더스 외에도 할리우드 영화 제작사들이 앞다투어 AI 시스템을 도입하고 있지만 성공 여부는 미지수이다.
- 포보스는 AI 기술이 성공할 영화를 예측하기보다 망할 영화를 피하는 정도에 활용될 것으로 전망했다.",https://news.chosun.com/site/data/html_dir/2020/01/17/2020011701968.html?utm_source=naver&utm_medium=original&utm_campaign=news,인공지능,2020년1월3주
20200117,"[AI-BIZ 인사이트⑥] ""AI로 자산관리 모바일 서비스합니다""",여성신문,"- 콰라소프트는 인공지능을 활용한 자산관리 모바일 앱 '코쇼(KOSYO)', '왓이즈펀드' 등의 서비스를 제공하는 핀테크 기업이다.
- '코쇼'는 초보자들도 금융 정보에 최대한 쉽게 접근할 수 있도록 종목별 전망을 퀴즈 형태로 제공하고 핵심 금융 정보만 추려서 제공한다.
- '왓이즈펀드'는 일반 투자자들을 위한 금융 키워드 검색 엔진으로 종목별 상세 정보, 뉴스, 공시자료, 미래 예측 수익률, 종목 비교까지 볼 수 있는 서비스로 현재 베타 오픈중이다.",http://www.womennews.co.kr/news/articleView.html?idxno=195570,인공지능,2020년1월3주
20200119,"""아플 때 막막함, 의료빅데이터가 풀어주죠""",서울경제,"- 문진 서비스 애플리케이션 '착한의사'는 스마트폰에 증상을 말하면 연관 유사 증상을 되묻고 질병을 예측해 가까운 병원, 진료과목 등을 알려준다.
- 전국 7만개 병원의 진료시간, 의료기기 등 기본정보를 비롯해 각 병원 평가등급, 병원비 정보도 제공한다.
- 문진 서비스의 바탕은 심평원에서 제공한 기업 맞춤형 의료 데이터다.
- '착한의사'를 개발한 비바이노베이션의 박한 대표는 병원과의 협업을 병원 진료 전자차트(EMR) 분야로까지 넓혀갈 생각이다.",https://www.sedaily.com/NewsView/1YXPHWH9O0,빅데이터,2020년1월4주
20200121,"""금융 데이터 사고 판다""…데이터 거래소 3월 시범운영",뉴스1,"- 오는 3월부터 금융 분야 데이터를 사고팔 수 있는 거래소가 시범 운영된다.
- 금융보안원이 운영할 데이터 거래소는 금융회사 외 핀테크, 통신, 유통 등 업체도 참여해 금융권과 기타 산업을 연결한다.
- 수요자가 원하는 데이터나 제공 형태 등을 공급자에게 직접 요청하고, 거래소는 데이터 검색·계약·결제·분석 등 유통의 전 과정을 지원하는 시스템이다.",http://news1.kr/articles/?3821529,빅데이터,2020년1월4주
20200121,"대중교통 리워드 서비스 개발, 네이버스에 '주목'",시사뉴스타임,"- 대중교통 리워드 서비스를 개발한 스타트업 네이앤컴퍼니가 2억 5천만 원 투자 유치에 성공했다.
- 네이앤컴퍼니가 서비스중인 네이버스는 버스 도착 정보 및 리뷰를 제공하고 버스 이용 시 포인트를 지급하는 대중교통 리워드 앱이다.
- 수익모델은 이용자의 24시간 행동패턴 기반의 큐레이션 광고와 콘텐츠 서비스이다.
- 심성보 네이앤컴퍼니 대표는 이번 투자를 기반으로 버스뿐 아니라 지하철, 퀵보드, 자전거 등을 연결한 통합 모빌리티 플랫폼을 구축할 계획이라고 밝혔다.",http://www.sisanewstime.co.kr/news/articleView.html?idxno=6392,빅데이터,2020년1월4주
20200122,국내 빅데이터·분석 시장 연평균 11.2% 성장…2023년 2조5692억 전망,데이터넷,"- 한국IDC는 '국내 빅데이터 및 분석 2019~2023 시장 전망' 연구 보고서에서 2019년 국내 빅데이터 및 분석 시장이 전년 대비 10.9% 증가한 1조 6744억원을 기록했다고 밝혔다.
- 보고서에 따르면 국내 빅데이터 및 분석 시장은 2023년까지 연평균 성장률 11.2%를 기록하며 2조 5692억원의 규모에 달할 것으로 전망했다.
- 빅데이터 기반의 고급 분석 및 인공지능 시스템 구축을 위한 데이터의 필요성 증가 요인에 의해 관련 시장은 향후 지속적 성장이 예측된다.",http://www.datanet.co.kr/news/articleView.html?idxno=141809,빅데이터,2020년1월4주
20200119,"올해 '초개인화 시대 접어드는 원년', AI 등 활용한 초개인화 마케팅 솔루션 경쟁 가열",메트로,"- 스타트업들이 인공지능이나 빅데이터 기술을 활용한 '초개인화' 마케팅 솔루션을 앞다퉈 출시해 시장 경쟁이 가열되고 있다.
- 스켈터랩스는 모바일 애플리케이션 사용자의 실제 행동을 파악하는 초개인화 마케팅 솔루션 'AIQ.AWARE'의 베타 버전을 모바일 SDK로 출시했다.
- 와이더플래닛은 AI와 빅데이터를 기반으로 미디어 독자들에게 디지털광고를 매칭해주는 AI 엔진을 선보이고, 이를 통해 AI 맞춤형 광고 서비스를 제공하고 있다.
- 로플랫은 이용자의 실시간 위치 정보를 활용해 타깃 마케팅이 가능한 오프라인 위치 정보 분석 플랫폼을 개발해 '로플랫엑스' 서비스를 시작했다.",http://www.metroseoul.co.kr/news/newsview?newscd=2020011900074,빅데이터,2020년1월4주
20200120,"SK건설, AI 활용 입찰안내서 분석시스템 구축",연합뉴스,"- SK건설은 국내 건설사 최초로 AI 기술을 활용한 입찰안내서 분석 시스템을 구축했다.
- 이 시스템을 활용하면 입찰안내서 분석에 필요한 시간을 60% 이상 획기적으로 줄이고 정확도를 7% 이상 높일 수 있다.
- SK건설은 올해부터 해외 인프라 프로젝트 입찰에도 이 시스템을 확대 적용할 것이며, AI 기술을 폭넓게 활용할 예정이라고 전했다.",https://www.yna.co.kr/view/AKR20200120123200003?input=1195m,빅데이터,2020년1월4주
20200120,"이스트소프트 ""딥아이, 디지털미디어 쇼핑분야 최고상 수상""",이데일리,"- 이스트소프트 자회사 딥아이가 '2019 앤어워드'에서 디지털미디어 및 서비스 부문 쇼핑 분야 최고상을 수상했다.
- 딥아이는 인공지능 가상피팅 안경쇼핑몰 '라운즈'를 운영하고 있다.
- 특히 딥아이의 쇼핑몰과 모바일 앱에서 AI 기술을 기반으로 아이웨어 가상피팅을 국내 최초로 선보인 점이 주목받았다.",https://www.edaily.co.kr/news/read?newsId=03240646625639688&mediaCodeNo=257&OutLnkChk=Y,빅데이터,2020년1월4주
20200122,인공지능으로 비디오·오디오 제작하는 시대 '성큼',서울경제,#NAME?,https://www.sedaily.com/NewsView/1YXQV32XST,빅데이터,2020년1월4주
20200123,"머니브레인, 세계 최초 AI Human 인공지능 영어회화 스픽나우 오픈",뉴스와이어,"- 세계 최초로 Artificial Human 기술이 적용된 인공지능 영어회화 학습 서비스인 '스픽나우'의 웹 서비스가 27일 정식 출시된다.
- '스픽나우'는 학습자와 AI 튜터가 실시간으로 대화를 주고받으며 영어회화 실력을 향상시키는 학습 서비스로, 머니브레인이 자랑하는 세계 최고 수준의 영상 합성 기술로 개발했다.
- 기존 3D 캐릭터와 달리 Artificial Human은 현지 원어민 튜터들을 영상에 합성하여 실제 사람과 대화하듯이 영어를 학습할 수 있도록 구현되었다.",https://www.newswire.co.kr/newsRead.php?no=900455,빅데이터,2020년1월4주
20200123,"""동영상만 봐도 토큰 모아서 상품 구매, 이게 인센티브 경제""",아시아경제,"- '팬지'는 스타트업 언더핀이 만든 블록체인과 인공지능 기술 기반의 비디오 커머스다.
- 김태준 언더핀 대표는 '팬지'가 동영상을 등록하거나 시청하는 데에도 인센티브를 지급하고 이를 통해 상품을 구매할 수 있다고 설명했다.
- 김 대표는 '팬지'를 출발로 인센티브 경제 생태계를 구축으로 이어지는 큰 그림을 그리고 있다.",https://view.asiae.co.kr/article/2020012310070876173,빅데이터,2020년1월4주
20200128,빅데이터·유전자 분석…'나만을 위한 화장품' 3월부터 나온다,한국경제,"- 오는 3월 맞춤형 화장품 판매업 제도 본격 시행을 앞두고 개인 피부 맞춤형 화장품이 뷰티 시장의 새로운 성장동력으로 부상하고 있다.
- 스타트업 '톤28'은 피부 측정가가 소비자를 방문해 피부 상태를 측정하여 맞춤 화장품을 제작해 한 달에 한 번씩 배송해 준다.
- 한국화장품은 타액 검사 결과를 바탕으로 미래 피부 노화도를 예측해 제품을 추천해 주며, 아모레퍼시픽은 최근 CES에서 개인의 얼굴 크기와 피부 특성에 맞게 제작 가능한 3D 프린팅 맞춤 마스크팩을 오는 4월부터 판매할 예정이다.",https://www.hankyung.com/economy/article/202001280899i,빅데이터,2020년1월5주
20200130,"CJ올리브네트웍스-국가정보자원관리원, '빅데이터' 협력",뉴시스,#NAME?,http://www.newsis.com/view/?id=NISX20200130_0000903441&cID=13001&pID=13000,빅데이터,2020년1월5주
20200127,광고가 지루하다고? AI 기반 맞춤형 광고 뜬다,조선비즈,"- 데이터 3법 통과 이후 통신 미디어 업계의 타깃형 광고 생태계 구축에 가속이 붙을 전망이다.
- LG헬로비전은 시청이력 등 데이터에 기반해 시청자 성향에 맞는 광고를 보여주는 지능형 광고 플랫폼을 개발했다.
- KT와 KT스카이라이프는 PP(채널사업자)의 광고를 한 곳에 통합해 판매·운영하는 '채널 AD-네트워크' 사업을 시작할 예정이다.
- SK브로드밴드는 지난해 9월 SBS와 협약을 맺어 타깃형 광고를 송출할 수 있는 시스템을 SBS계열 채널에 구현했다.",https://biz.chosun.com/site/data/html_dir/2020/01/26/2020012600437.html?utm_source=naver&utm_medium=original&utm_campaign=biz,빅데이터,2020년1월5주
20200127,"(AI 기업人) 박지은 펄스나인 대표 ""AI가 그린 그림 17점이나 판매돼 예술로도 인정받고 있어요""",메트로,"- 국내 최초 AI 미술 전문업체인 펄스나인의 갤러리에서 AI가 그린 미술 작품 판매가 기대 이상의 성과를 올리고 있다.
- 박지은 펄스나인 대표는 ""AI가 단독으로 그린 작품만도 10점이 넘게 판매됐다""며 ""주로 AI 기술에 호감을 가진 젊은 층이 싼 값에 작품을 소유하는 만족감으로 구입한다""고 말했다.
- 박 대표는 오는 3월에서 5월 경 뉴욕에서 AI 신작도 선보일 계획이며, 한 달에 한 번 작품을 소싱해 판매하는 기획전과 경매도 꾸준히 진행할 예정이다.",http://www.metroseoul.co.kr/news/newsview?newscd=2020012700059,빅데이터,2020년1월5주
20200128,"와그트래블 ""위치·일정별 액티비티, AI가 추천""",전자신문,"- 글로벌 액티비티 예약 플랫폼 업체 와그트래블이 4년동안 축적한 이용자 결제 데이터를 AI로 분석해 적합한 여행 루트를 추천하고, 음성인식 기술을 검색엔진에 도입하는 등 다양한 인공지능 기술 활용에 박차를 가한다.
- 향후에는 컴퓨터비전 기술에 기반한 증강현실(AR) 서비스 도입을 검토 중이다.",https://www.etnews.com/20200128000172,빅데이터,2020년1월5주
20200129,"""인생샷만 골라 보자""…네이버 클라우드, 사진 '요약' 기능 추가",서울경제,"- 네이버는 클라우드 모바일 앱에 사용자들이 저장한 사진의 주요 장면만 보여주는 '요약 보기' 기능을 추가했다.
- 해당 기능에는 사용자가 찍은 사진들 중 즐겨찾기 한 사진과 인공지능이 분석한 잘 나온 사진들을 위주로 구성하는 자동 알고리즘이 적용됐다.
- 네이버 관계자는 모바일 촬영이 늘면서 저장뿐 아니라 자동 분류의 영역이 중요해지고 있어 사용자 측면에서 관리와 감상이 쉽도록 기능을 개선한 것이라 말했다.",https://www.sedaily.com/NewsView/1YXU1S0T9N,빅데이터,2020년1월5주
20200129,"아프리카티비, 해외 팟캐스트에 AI로 한글자막단다",전자신문,"- 아프리카TV 자회사 프릭엔은 AI 자막 제작 전문 기업 보이스루와 '콘텐츠와 인공지능 자막 접목을 통한 해외 서비스 확장을 위한 업무협약'을 교환했다.
- 프릭엔은 이번 협약을 계기로 보이스루 자메이크 프로그램을 활용해 '프리캣', '팟티', '팟프리카' 등 영상과 오디오 콘텐츠에 외국어 자막을 도입할 예정이다.
- 프릭엔은 '프리캣' 베트남 버전 자막 서비스를 시작으로 일본, 태국 등 대상 국가와 언어를 점차 확대할 계획이다.",https://www.etnews.com/20200129000197,빅데이터,2020년1월5주
20200130,"[Start-up & Partner] '봄, 노랑' 입력하자…AI가 1초만에 올 봄 유행할 패션 제안",매일경제,#NAME?,https://www.mk.co.kr/news/business/view/2020/01/93898/,빅데이터,2020년1월5주
20200130,"슈퍼브에이아이, 한글 글자체 AI 데이터세트 공개",전자신문,"- 슈퍼브에이아이는 국내 최초로 한글 OCR 인공지능 학습용 데이터 780만개 글자를 구축해 AI허브에 공개했다.
- 한국어 특성을 살린 OCR AI 학습용 데이터세트로 한글 자모 조합 총 1만 1172자를 포함한다.
- 슈퍼브에이아이 측은 세계적으로 딥러닝 기반의 OCR 기술을 사용하는 추세이므로 한글 글자체에 대한 공개된 학습용 데이터세트가 필요하다고 설명했다.",https://www.etnews.com/20200130000112,빅데이터,2020년1월5주
20200130,"머독, 새 뉴스포털로 구글에 도전장…'베껴쓴 기사는 걸러내'",연합뉴스,"- '미디어 재벌' 루퍼트 머독의 뉴스코퍼레이션(News Corp)이 400여 개가 넘는 언론 매체의 뉴스를 한곳에 모아볼 수 있는 뉴스애그리게이터 '뉴즈(Knews)'의 베타 서비스를 시작했다.
- '뉴즈'의 뉴스 편집은 AI를 통해 기사를 수집한 뒤 편집자와 기술진으로 구성된 팀이 수집된 기사를 재배열하는 방식이다.
- 아웃링크를 도입한 '뉴즈'는 특히 베껴 쓴 기사를 걸러내고 최초로 특종을 발굴한 매체의 보도를 전면에 내세우는 '언론 친화적' 시스템을 내세우고 있다.",https://www.yna.co.kr/view/AKR20200130144800009?input=1195m,빅데이터,2020년1월5주
20200131,대화하는 카카오톡…AI 스피커로 '진화',헤럴드경제,"- 카카오가 카카오톡에 인공지능 플랫폼 '카카오i'의 음성인식 AI 기술 적용을 검토중이다.
- 음성 대화만으로 메시지 전송부터 콘텐츠 검색 등 다양한 서비스를 이용할 수 있게 된다.
- AI 카카오톡은 음성인식 AI 스피커와 비슷한 편의성을 제공하며, 큰 비용을 지불하지 않아도 카카오톡으로 AI 스피커 서비스 이용이 가능해진다.",http://news.heraldcorp.com/view.php?ud=20200131000408,빅데이터,2020년1월5주
20200206,"(스타트업리포트)패션과 데이터의 만남…예스나우, AI·빅데이터로 온라인 의류 구매율 높인다",뉴스토마토,"- 예스나우는 인공지능과 빅데이터를 기반으로 소비자 체형에 맞춘 의류를 추천해주는 핏어드바이저 서비스를 제공한다.
- 예스나우는 의류 사이즈 문제를 해결하기 위해 신체 치수 예측, 원단 물성 예측, 개인화된 착용감 예측의 세 가지 기술 개발에 집중해 '핏파인더'와 '핏커넥트' 두 개의 서비스를 선보였다.
- '핏파인더'는 부위별 핏 예측을 통해 사이즈 선택에 도움을 주는 서비스이며, '핏커넥트'는 사이즈 기반의 의류 추천 서비스다.",http://www.newstomato.com/ReadNews.aspx?no=950077,빅데이터,2020년2월1주
20200206,서울 골목상권 업종분석 45→100개…소비여력·매출액도 예측,뉴시스,"- 서울신용보증재단이 '서울시 우리마을가게 상권분석 서비스'를 개편해 7일 정식 오픈한다.
- 이 서비스는 생활밀접업종의 빅데이터를 분석해 32종의 경영정보를 무료로 제공한다.
- 상권정보 업종은 기존보다 2배 이상 확대되며, 보다 폭넓고 세분화한 정보가 제공된다.",http://www.newsis.com/view/?id=NISX20200205_0000909805&cID=10201&pID=10200,빅데이터,2020년2월1주
20200207,"스칼라데이터, 데이터 수집·제공 '스칼라 마이닝' 서비스 개시",매일경제,"- 스칼라데이터는 기존 빅데이터 분석 모델 '스칼라 애널리틱스'와 함께 데이터 수집 서비스인 '스칼라 마이닝'을 본격 시작한다.
- '스칼라 마이닝' 서비스를 통해 자체 데이터를 소유하지 않은 기업이나 공공기관도 빅데이터 인사이트 관련 서비스를 활용할 수 있다.
- 스칼라데이터 측은 자체 데이터를 가지고 있지 않은 기업 중 상당수가 '스칼라 마이닝'을 통해 데이터 부재를 해결하면서 고객층이 확대되는 효과를 보고 있다고 설명했다.",https://www.mk.co.kr/news/business/view/2020/02/127465/,빅데이터,2020년2월1주
20200203,"""네이버AI, 맛집 이어 주변 쇼핑정보도 알려준다""",아시아경제,"- 네이버가 이용자의 취향과 현위치 등을 인공지능으로 분석해 쇼핑 정보를 알려주는 '쇼핑' 콘텐츠를 스마트어라운드에 추가할 계획이다.
- 스마트어라운드에 '쇼핑' 콘텐츠가 추가되면 주변 옷가게 등의 정보가 사용자 맞춤형으로 나타난다.
- 네이버 검색 상위 노출이 어려운만큼 스마트어라운드가 소상공인들에게 기회가 될 것이라 전망한다.",https://view.asiae.co.kr/article/2020020310121936853,빅데이터,2020년2월1주
20200204,내가 찍은 영상 AI가 순식간에 자동 편집·공유…'코코나' 출시,전자신문,"- 인공지능 영상처리 전문 스타트업 큐비가 글로벌 AI 영상 플랫폼 서비스인 '코코나' 앱을 선보였다.
- '코코나'는 AI 영상처리 기술을 접목해 복잡하고 번거로운 동영상 편집 과정 없이 영상을 공유할 수 있는 플랫폼이다.
- 큐비는 사용자의 조작 없이 AI가 알아서 촬영, 편집, 업로드하는 '코코나캠'도 조만간 출시 예정이다.",https://www.etnews.com/20200204000114,빅데이터,2020년2월1주
20200204,"아드리엘, 중소기업 위한 밀착 관리 마케팅 서비스 '내 매니저' 출시",세계비즈,"- 온라인 마케팅 대행사 아드리엘이 인공지능 기술과 휴먼 마케터의 조화를 통한 고객 밀착 서비스를 제공하는 '내 매니저'를 론칭했다.
- '내 매니저' 서비스의 가장 큰 특징은 아드리엘의 인공지능과 휴먼 마케터, 광고주가 캠페인에 관련한 다양한 정보를 시각적으로 확인하고 실시간으로 소통할 수 있다는 점이다.
- 아드리엘에서 집행하는 모든 광고에 대한 의사 결정 과정 로직을 시각 자료로 검토하고, 채팅 서비스를 통해 모든 보고사항에 대한 광고주의 피드백이나 궁금증을 실시간으로 전달할 수 있다.
- 엄수원 아드리엘 대표이사는 '내 매니저'를 통해 합리적인 비용으로 밀착 관리 서비스를 이용할 수 있을 것이라고 말했다.",http://www.segyebiz.com/newsView/20200204504164?OutUrl=naver#0BhL,빅데이터,2020년2월1주
20200205,가짜 한약재 감별 'AI'로 하니 정확도 높아지네,디지털타임스,"- 국내 연구진이 인공지능 기술을 활용해 가짜 한약재를 감별하는 기술을 선보였다.
- 감별 정확도가 최대 99.4%에 달해 가짜 한약재 오용에 따른 사고 예방에 기여할 것으로 기대된다.
- 연구팀은 앞으로 한방의료기관이나 한약재 유통시장 등에서 보다 정확한 한약재를 사용할 수 있도록 '한약재 감별 스마트폰 앱'을 개발할 계획이다.",http://www.dt.co.kr/contents.html?article_no=2020020502109931731003&ref=naver,빅데이터,2020년2월1주
20200205,"[AI 기업人] 허원길 포자랩스 대표 ""올해 유튜버에 AI 협업 BGM 수천건 판매 계획""",메트로,"- 포자랩스는 딥러닝과 자연어처리 기술을 활용해 작사, 작곡을 하는 AI 솔루션을 개발해 주목을 받고 있다.
- 포자랩스는 일반인들을 대상으로 AI가 무료로 작사를 해주는 '플로우박스' 서비스를 제공해 왔으며, 최근에는 유튜브 크리에이터를 대상으로 AI가 작곡한 배경음악을 서비스하는 '멜리'를 운영하고 있다.
- '멜리'의 BGM은 곡당 5만원 선으로 접근성이 좋고 저작권 문제가 없다.
- 지금까지 40~50명의 유튜버들이 '멜리'의 BGM을 사용했고, 포자랩스는 앞으로 대형 멀티채널네트워크(MCM)들과 협력을 추진할 계획이다.",http://www.metroseoul.co.kr/news/newsview?newscd=2020020500089,빅데이터,2020년2월1주
20200206,"[글로벌-Biz 24] 구글, 사진 10장 자동 인쇄해 발송하는 월간 구독서비스 테스트",글로벌이코노믹,"- 구글포토가 사진 10장을 자동으로 인쇄해 사용자에게 발송하는 월간 구독 서비스를 테스트중이다.
- 사용자가 사진 테마를 선택하고 인쇄 전 편집할 수 있으며 불시에 배송받을 가능성도 있다.
- 월 7달러 99센트로, 일반적인 사진 처리 요금보다 비싼 이 비즈니스 모델은 구글포토가 전개하는 확장 정책의 일환이다.",https://news.g-enews.com/ko-kr/news/article/news_all/2020020511543727836336258971_1/article.html?md=20200206133312_R,빅데이터,2020년2월1주
20200206,"""AI 애널리스트가 뉴스 분석해 개인 맞춤형 투자 정보 제공""",한국경제,"- 투디지트가 오는 7월 선보이는 '뉴스샐러드'는 AI 기술을 상용화한 서비스다.
- '뉴스샐러드'는 전통적인 증시 분석 자료뿐 아니라 뉴스, SNS에서 추출한 데이터를 가공해 주식투자 정보를 실시간으로 제공한다.
- 박석준 투디지트 대표는 뉴스샐러드에 대해 금융공학에 뉴스, SNS의 심리적 요인까지 더해 단기 예측의 정확성을 높였다고 말했다.",https://www.hankyung.com/economy/article/202002065583i,빅데이터,2020년2월1주
20200206,"AI 기업들, 사람 모습의 AI가 표정, 몸짓까지 따라하는 '가상인간' 개발 경쟁",메트로,"- 삼성전자, 솔트룩스, 머니브레인과 같은 인공지능 기업들이 '가상인간' 개발에 앞다퉈 나서고 있다.
- 삼성전자는 수백만 가지 표정을 지을 수 있으며 다양한 외국어를 구사할 수 있는 인공인간 '네온'을 CES 2020에서 공개해 주목을 받았다.
- 솔트룩스가 CES2020에서 선보인 도널드 트럼프 미국 대통령을 캐릭터화한 AI 가상인간은 사람처럼 질문과 답을 주고받을 수 있으며 실제와 같은 언어, 음성, 시각 지능을 제공한다.
- 머니브레인은 가상인간이 사람 목소리로 뉴스를 읽어주는 AI 앵커를 개발해 지난 12월 말부터 인포스탁데일리에서 뉴스를 시작했다.",http://www.metroseoul.co.kr/news/newsview?newscd=2020020600128,빅데이터,2020년2월1주
20200207,인공지능이 알려주는 내차 시세 확인해보세요,스마트경제,"- 현대캐피탈이 만든 '플카'는 빅데이터 분석을 통해 사용자 차량의 예상 판매 가격을 보여주는 자동차 구매 계획 플랫폼이다.
- '플카'는 일반 소비자들이 중고차 딜러에게 실제로 판매한 가격 데이터를 기반으로 예상 가격을 산출하므로 타 서비스에 비해 정확하다.
- '플카'의 시세 조회 서비스로 최대 3년 이후의 시세도 알아볼 수 있어 신차 교체 계획을 세우는 데 도움을 준다.",http://www.dailysmart.co.kr/news/articleView.html?idxno=22044,빅데이터,2020년2월1주
20200209,"[미래기업포커스]빅밸류, 저축은행에 주택 시세 솔루션 공급",전자신문,#NAME?,https://www.etnews.com/20200207000335,빅데이터,2020년2월2주
20200209,"데이터에듀, 저렴한 빅데이터 시대 열어",부산일보,"- 데이터에듀는 빅데이터를 자력으로 수집, 가공하기 어려운 중소기업이 큰 비용 부담 없이 활용할 수 있는 플랫폼 '빅데이터마트'를 지난 3일 오픈했다.
- 데이터에듀는 '빅데이터마트'에 최근 5년간 국내 빅데이터 프로젝트를 분석해 기업에서 활용할 수 있는 사례를 담고, 이를 기반으로 소상공인과 중소기업이 빅데이터 활용의 기획에서 가공 기업 매칭까지 다양한 서비스를 제공한다.",http://www.busan.com/view/busan/view.php?code=2020020918450942487,빅데이터,2020년2월2주
20200211,'차 번호만 입력하면 타이어 사이즈가'…SK네트웍스 서비스 도입,뉴스1,"- SK네트웍스의 '타이어픽'은 빅데이터를 활용한 '차량번호 기반 타이어 사이즈 조회' 서비스를 도입했다.
- 이 서비스를 통해 고객은 차량번호와 소유주 정보 입력만으로 본인 차량에 맞는 타이어 사이즈를 확인할 수 있고, 해당 사이즈의 다양한 타이어도 추천받을 수 있다.
- '타이어픽' 관계자는 이 서비스를 통해 일반 운전자 고객들이 본인 차량의 타이어 사이즈를 몰라 타이어 구매 시 직접 사이즈를 확인해야 하는 수고를 덜고 사이즈 오주문으로 반품비를 내는 경우도 줄어들 것이라고 말했다.",http://news1.kr/articles/?3838911,빅데이터,2020년2월2주
20200209,사람보다 4000배 빠르게… 수만장 소송자료 AI가 분석,파이낸셜뉴스,"- 프론테오코리아는 인공지능을 개발해 법률 분야 데이터 분석 서비스를 제공하는 리걸테크 기업이다.
- 구재학 프론테오코리아 대표는 법률 분야 데이터 분석이 방대한 양의 비정형 데이터 속에서 소송에 쓰일 법률 증거를 찾는 일이며 이를 위해서는 빠르고 정확한 데이터 분석 기술이 필요하다고 말했다.
- 프론테오에서 자체 개발한 AI '키빗(KIBIT)'은 사람보다 4000배 빠르고 정확하게 데이터를 찾을 수 있으며, 형태소 단위 분석으로 정확한 의미를 도출한다.
- 프론테오코리아는 국내 로펌과 협력 관계로, 법률증거를 수집하기 위한 기술적인 지원을 한다.",https://www.fnnews.com/news/202002091650411024,빅데이터,2020년2월2주
20200210,"""3시간 뒤 우리 동네에 비 올까?"" AI 예보관에게 물어보세요",동아일보,"- 최근 인공지능을 이용해 기상 현상을 예측하려는 시도가 늘고 있다.
- 구글은 가로세로 각 1km 규모의 국지적 기상 현상을 3시간 전에 정확히 예측하는 AI 예보 기술을 개발했다.
- 기상 재난이 예상될 때 위기 대응에 큰 도움이 될 것으로 전망한다.",http://www.donga.com/news/article/all/20200209/99609313/1,빅데이터,2020년2월2주
20200210,[네이버 테크인사이드] ? AI 얼굴인식으로 본인인증… 日 지자체 최초 도입,아주경제,"- 라인의 인공지능 기술이 일본 행정 서비스에 도입됐다.
- 온라인상에서 민원인의 얼굴을 인식해 신분증을 읽는 본인인증에 라인의 AI 기술이 적용된다.
- 일본 시부야구는 라인 공식 계정에서 주민표, 세금 납부 증명서 등을 신청·발급받을 수 있는 시범 서비스를 이달부터 시작했다.
- 라인의 AI 얼굴인식 기술은 네이버와 라인이 자체 개발했으며 정확도가 99.98%에 달한다.",https://www.ajunews.com/view/20200209120549969,빅데이터,2020년2월2주
20200210,"네이버 해외 'AI-저널리즘 컨퍼런스' 참석…""AI 기반 뉴스 서비스"" 소개",뉴스1,"- 네이버가 AI-저널리즘 컨퍼런스에 초청받아 AI 기반 뉴스 서비스와 핵심 기술 등에 대해 발표했다.
- 기조 발표는 네이버 뉴스 서비스의 역사와 구조, 자동 클러스터링 등 네이버 뉴스 서비스의 핵심 기술과 '타임라인' 서비스, 언론사에게 유용한 미디어 도구를 제공하기 위한 스마트 미디어 스튜디오 프로젝트에 대한 소개로 진행됐다.
- 컨퍼런스를 기획한 나승안 미국 오레곤대 교수는 이번 행사를 통해 네이버 뉴스 서비스의 방향과 기술을 이해할 수 있게 돼 AI-저널리즘 학계에서도 의미 있는 사례로 기록될 것이라고 밝혔다.",http://news1.kr/articles/?3838683,빅데이터,2020년2월2주
20200210,"네이버, 동영상에 AI 목소리 입히는 '클로바더빙' 출시",지디넷코리아,"- 네이버가 목소리 녹음 없이 동영상에 인공지능 보이스를 입힐 수 있는 '클로바더빙'을 출시했다.
- 클로바더빙은 텍스트 입력을 통해 합성음을 생성하고 동영상에 더빙할 수 있어, 사람이 직접 목소리를 녹음하고 후속 작업을 하는 번거로움을 줄였다.
- 클로바더빙은 21종의 보이스와 다양한 효과음을 제공하고, 사용자가 입력한 문장을 자연스러운 억양과 감정으로 표현한다는 특장점이 있다.",http://www.zdnet.co.kr/view/?no=20200210111347,빅데이터,2020년2월2주
20200211,"민원서류, 말만하면 자동 작성… AI시대, 공공서비스도 '최첨단' 변신",아주경제,"- 행정안전부는 올해 첨단 정보기술 활용 공공서비스 촉진 4개 사업에 총 46억원을 지원한다고 발표했다.
- 제주도의 인공지능 기반 행정서식 작성 도우미는 민원인이 원하는 서류를 AI에게 말하고 본인식별작업을 거치면 자동으로 관련 서식이 완성되는 서비스다.
- 대전시의 스마트 미러 활용 민원안내 서비스는 장애인을 위한 행정 서비스로, 사람의 동작을 인식하는 스마트 거울로 수화 동작을 인식하고 수화로 답을 한다.
- 경기도의 사물인터넷 기반 스마트글라스 활용 원격 안전점검 서비스는 동영상 전송과 통신이 가능한 안경을 쓴 안전 요원이 현장 점검을 하면서 동시에 전문가가 참여하는 영상회를 할 수 있어 보다 전문적인 안전점검이 가능하다.
- 지능형 스마트 선별관제 서비스는 AI가 미리 입력된 동작을 인식해 관제 요원에게 경고해 주는 시스템으로 범죄와 사고 예방 효과가 높다는 평가를 받았다.",https://www.ajunews.com/view/20200211103542847,빅데이터,2020년2월2주
20200213,"배달의민족, AI 추천배차 도입…최적 동선으로 라이더 배정",뉴시스,"- 국내 1위 배달앱 배달의 민족이 인공지능 배차 시스템 'AI 추천배차'를 개시한다.
- 'AI 추천배차'는 AI가 배달원 동선과 주문 음식의 특성 등을 고려해 가장 적임자인 라이더·커넥터를 자동으로 배정해주는 것이 특징이다.
- 그간 라이더·커넥터들은 배달 콜을 수락하기 위해 운전하면서도 휴대폰에서 눈을 떼지 못하는 경우가 많았는데, 'AI 추천배차'가 도입되면 운행에만 집중할 수 있게 돼 이 같은 안전 문제가 사라질 전망이다.
- AI가 효율적인 동선을 추천하고 가장 적합한 라이더·커넥터를 매칭함으로써 배달 건수가 늘어나 전반적으로 배달 수입이 증가하고 배달 수행 스트레스는 줄어들 것으로 예상된다.",http://www.newsis.com/view/?id=NISX20200213_0000918218&cID=13001&pID=13000,빅데이터,2020년2월2주
20200213,날밤 새던 특허 중복 검색 7초만에 OK,머니투데이,"- 디앤아이파비스는 인공지능 특허조사관 서비스인 '브루넬'을 운영한다.
- '브루넬'은 수많은 특허 관련 문서들을 분석해 특허 중복·침해를 사전에 막아주는 서비스로, 전문가들이 1~2주씩 수작업으로 대조해야 했던 번거로운 과정을 7초만에 끝낼 수 있다.
- '브루넬'의 장점은 AI를 이용한 자연어 검색 방식으로, 검색 정확도가 95% 수준이다.",https://news.mt.co.kr/mtview.php?no=2020020716342250730,빅데이터,2020년2월2주
20200214,"검색광고 마케터, 빅데이터에 실용성을 더하다",더벨,"- 와이더플래닛은 2010년 설립 후 빅데이터·머신러닝 기술 확보에 주력해 빅데이터 플랫폼 부문에서 기술력을 인정받았다.
- 와이더플래닛은 빅데이터 기술을 활용해 타깃 마케팅을 진행하는 것은 물론 AI 플랫폼을 활용한 맞춤형 서비스를 각종 사업 영역에 적용할 수 있도록 기반을 갖춰나갔다.
- 코스닥 상장을 계기로 애드테크 기업에서 빅데이터·인공지능 인프라 플랫폼 기업으로 거듭나려는 준비를 하고 있다.",http://www.thebell.co.kr/free/content/ArticleView.asp?key=202002111305228160106612&svccode=00&page=1&sort=thebell_check_time,빅데이터,2020년2월2주
20200216,"티핑인사이트, 보건의료 빅데이터 분석 서비스 출시",블록체인밸리,#NAME?,http://www.fintechpost.co.kr/news/articleView.html?idxno=101557#0AXD,빅데이터,2020년2월3주
20200217,"삼성전자, 신개념 인플루언서 마케팅 플랫폼 론칭",이투데이,"- 삼성전자가 인플루언서 마케팅과 전자상거래가 결합한 신개념 마케팅 플랫폼을 이번달 출시한다.
- 삼성전자는 빅데이터 인플루언서 마케팅 관련 특허를 갖고 있는 '빅버드i'와 협력해 플랫폼을 구축했다.
- 이 플랫폼은 빅데이터를 통해 인플루언서의 최적 광고주를 추천하며, 인플루언서가 콘텐츠 기획과 제작 확산에 집중할 수 있는 올인원 솔루션 환경을 제공한다.",http://www.etoday.co.kr/news/view/1857822,빅데이터,2020년2월3주
20200216,AI로 위키피디아 자동 업데이트 가능해진다,AI타임스,#NAME?,http://www.aitimes.com/news/articleView.html?idxno=125723,빅데이터,2020년2월3주
20200216,RPA 시장 올해 급성장 전망에 AI 기술 접목한 차세대 RPA 솔루션 개발 경쟁,메트로,"- RPA에 인공지능을 접목하는 차세대 RPA 솔루션 경쟁이 본격화되고 있다.
- 유아이패스코리아는 AI 로드맵을 공개하고 RPA인 '유아이패스 로봇'에 AI 기술을 접목시켜 나가고 있다.
- 그리드원은 AI 자연어 처리 기능을 적용, 채팅 입력을 통해 자동으로 스크립트를 개발해 주는 제품을 선보일 계획이다.
- 솔트룩스는 자사의 AI 플랫폼과 시메이션의 '체크메이트 RPA'를 연계해 AI RPA를 공동 개발하기 위한 업무 협약을 체결하고, 최근 AI 기반 지능형 프로세스 자동화 솔루션을 선보였다.",http://www.metroseoul.co.kr/news/newsview?newscd=2020021600066,빅데이터,2020년2월3주
20200218,"인포스탁데일리, AI가 번역한 영문 경제뉴스 출시",지디넷코리아,"- 인포스탁데일리가 AI 번역 서비스를 활용한 '영문 경제뉴스'를 시작한다.
- '영문 경제뉴스'는 AI 딥러닝 전문기업인 플리토의 번역 플랫폼을 활용해 국내 주요 기업·경제 뉴스를 영문으로 제작해 서비스한다.
- 인포스탁데일리는 지난 1일부터 일부 뉴스를 영문으로 번역해 제공하는 시범 서비스를 진행중이며 시범 기간이 끝나면 증권사 등 주요 투자사이트에 우선 공급할 방침이다.",http://www.zdnet.co.kr/view/?no=20200218134756,빅데이터,2020년2월3주
20200219,"법무법인 시월, 음주운전 처벌수위 알려주는 '얼마나와' AI 출시",쿠키뉴스,"- 인공지능 기술로 음주운전 처벌 수위를 알려주는 프로그램 '얼마나와'가 개발됐다.
- '얼마나와'는 음주운전 단속 후, 자신의 운전 정보 및 음주 수치 등을 입력하면 인공지능이 분석해 예상 처벌 수위를 알려준다.
- 수사기관 및 법원의 최신 처벌기준을 바탕으로 처벌감경요소 및 처벌가중요소를 반영해 예상 처벌수위에 관한 정확도를 높혔다.",http://www.kukinews.com/news/article.html?no=751309,빅데이터,2020년2월3주
20200219,전 세계 최저가 제품 찾아준다고?… '명품'도 패션테크 시대,머니S,"- 명품 구매 플랫폼 트렌비가 누적 거래액 700억원을 돌파했다.
- 트렌비는 인공지능 솔루션이 전 세계 최저가 제품을 찾아 가격 비교를 투명하게 해 주고 정품 인증까지 책임지는 플랫폼 서비스다.
- 업계 전문가들은 트렌비의 우수한 상품 소싱력과 첨단 IT 기술이 만나 시너지 극대화를 이뤄낸 것으로 평가하고 있다.",http://moneys.mt.co.kr/news/mwView.php?no=2020021908088052179,빅데이터,2020년2월3주
20200219,"디에스랩글로벌, 쉬운 인공지능 개발도구 '클릭 AI' 출시",데이터넷,"- 인공지능 자동화 솔루션 기업 디에스랩글로벌은 코딩 없이 클릭만으로 딥러닝 기반 인공지능을 만들 수 있는 개발툴 '클릭 AI'를 출시했다.
- 엑셀 형식 일반 분류(ANN), 자연어 분류(RNN), 단일 이미지 분류(CNN), 다중 이미지 분류(R-CNN), 이미지 생성(GAN) 총 5가지 형태의 인공지능 자동 개발을 지원하며, 설명 가능한 인공지능(XAI)를 지원한다.
- 디에스랩글로벌 여승기 대표의 데이터 컨설팅 경력을 바탕으로 AI 도입 컨설팅을 함께 제공할 예정이다.",http://www.datanet.co.kr/news/articleView.html?idxno=142596,빅데이터,2020년2월3주
20200220,"미디어 콘텐츠 스타트업 (주)알려줌, 2월 18일 '알지넷' 정식 론칭",블록체인밸리,"- 미디어 콘텐츠 스타트업 알려줌이 직장인을 위한 자기계발 교육과 법정 의무 교육을 제공하는 구독 서비스 '알지넷'을 정식 론칭했다.
- '알지넷'은 뉴스 빅데이터 분석 시스템 '빅카인즈'를 탑재해 업종별 최신 비즈니스 모델과 IT 기술, 대중문화 이슈를 동영상 리포트로 제작해 제공한다.
- 또한 KBS, MBC와의 정식 계약을 통해 시사/교양/보도/다큐 프로그램을 요약·정리한 '서머리' 콘텐츠를 서비스한다.
- 국내 최초로 법정의무교육을 넷플릭스형 구독 모델로 서비스해 기업 경영의 편의성과 효율성을 높일 것으로 기대된다.",http://www.fintechpost.co.kr/news/articleView.html?idxno=101948#0AXD,빅데이터,2020년2월3주
20200220,"마인즈랩, AI 데이터 라벨링 서비스 오픈",전자신문,"- 마인즈랩이 인공지능 기반 데이터 라벨링 서비스를 오픈했다.
- 이 서비스를 이용하면 고객이 원하는 데이터를 수집해 AI 학습용 데이터셋을 구축할 수 있다.
- 이번 서비스 오픈으로 중소기업과 일반 이용자까지 마인즈랩의 AI 플랫폼 '마음AI'를 통해 데이터를 가공하고 분류할 수 있게 되었다.",https://www.etnews.com/20200220000339,빅데이터,2020년2월3주
20200221,"부산대병원, 국내 첫 자연어 처리 의료인공지능 개발",뉴시스,#NAME?,http://www.newsis.com/view/?id=NISX20200221_0000926929&cID=10899&pID=10800,빅데이터,2020년2월3주
20200224,AI 레벨업 시키는 '데이터 라벨링' 기업 뜬다,전자신문,#NAME?,https://www.etnews.com/20200224000268,빅데이터,2020년2월4주
20200227,"KOTRA, 국내 최초 '무역 빅데이터 플랫폼' 오픈",아시아경제,#NAME?,https://view.asiae.co.kr/article/2020022616173995288,빅데이터,2020년2월4주
20200228,"""미래 달렸다""…'초개인화 마케팅'에 공들이는 카드사들",아시아경제,"- 카드사들이 빅데이터를 이용한 초개인화 마케팅에 공들이고 있다.
- KB국민카드는 초개인화 마케팅 플랫폼 구축을 위한 알고리즘 개발에 착수했다.
- 신한카드는 고객별 TPO 상황인지 기반으로 1인에 특화한 맞춤서비스를 제공하고 있다.
- 삼성카드는 빅데이터 분석 기술을 이용한 '링크비즈파트너' 서비스를 통해 영세·중소 가맹점별 맞춤형 마케팅을 지원한다.
- 롯데카드는 고객의 선호 지수를 200여개로 분류한 개인화 추천 알고리즘을 통해 초개인화 서비스를 롯데카드 라이프 앱에 적용해 운영 중이다.
- 카드업계에서는 데이터3법이 시행되면 초개인화 마케팅 추세가 더 확산될 것으로 전망한다.",https://view.asiae.co.kr/article/2020022814563928014,빅데이터,2020년2월4주
20200224,"한국언론인협회, '4차산업혁명과 미디어산업 전망' 세미나 개최",내외뉴스통신,"- '4차산업혁명과 미디어산업 전망' 세미나에서 최충웅 경남대 교수가 인공지능을 활용한 뉴스 자동시스템을 이용할 경우 뉴스 대량 생산과 맞춤형 뉴스 생산도 가능할 것으로 예상했다.
- 지금까지 미디어는 매스미디어를 중심으로 서비스됐으나 4차산업 과정에서는 인공지능, 빅데이터, 클라우드 기술이 결합해 새롭고 다양한 미디어 서비스가 출현할 것이라 예고했다.
- 이런 신규 서비스를 육성 개발하기 위해서는 4차산업혁명을 주도할 사업체에 시장점유율 규제 완화와 사업 다각화 촉진을 위한 규제 완화, 기술개발과 서비스 도입·검증에 투자와 지원이 필요하다고 지적했다.",http://www.nbnnews.co.kr/news/articleView.html?idxno=371371,인공지능,2020년2월4주
20200224,에스티유니타스 문제풀이 앱 '커넥츠(CONECTS) Q&A' 세계적 인기,전자신문,"- 에스티유니타스(ST Unitas)의 문제풀이앱 '커넥츠(CONECTS) Q&A'가 여러 나라의 구글플레이 스토어 교육 분야 상위에 오르는 등 세계적으로 인기를 얻고 있다.
- '커넥츠 Q&A'는 실시간 질문 답변을 빠르게 제공하는 인공지능 기반의 전과목 문제풀이 앱으로, 모르는 문제를 찍어 올리면 5초 이내에 빠른 답변을 제공한다.
- 지난해 초 베타 서비스를 거쳐 올 2월 중순 글로벌 베타 버전을 선보인지 2주만에 세계적으로 좋은 반응을 얻고 있으며 3월 중순에 열릴 예정인 SXSW 트레이드 쇼에서 정식 론칭 예정이다.",https://www.etnews.com/20200224000265,인공지능,2020년2월4주
20200225,"링크샵스, AI 추천 '스타일커넥트' 선봬",어패럴뉴스,"- 링크샵스가 새로운 인공지능 추천 서비스 '스타일커넥트'를 선보였다.
- '스타일커넥트'는 맘에 드는 옷을 고르면 비슷한 스타일의 제품을 추천하는 서비스다.
- 링크샵스 관계자는 고객이 사입 시 더 빠르고 편리하고 트렌디하게 서비스를 이용할 수 있도록 자사의 노하우와 데이터를 활용한 AI 서비스를 선보이게 되었다고 설명했다.",http://www.apparelnews.co.kr/news/news_view/?idx=181139,인공지능,2020년2월4주
20200225,"토파보기, 씽크풀의 로보어드바이저 '라씨' 전략적 제휴",시사매거진,"- 인공지능 알고리즘과 각종 시스템트레이딩 툴로 투자자 기반의 생태계를 구축하고 있는 토파보기의 기세가 심상치 않다.
- 인공지능 기반의 뉴스 큐레이션 '모야(MOYA)'와의 전략적 제휴로 투자 종목에 대한 실시간 공시 및 기사 크롤링 서비스를 시작했고, 씽크풀이 개발한 AI주문비서 '라씨트레이더'를 서비스 품목에 추가하는 전략적 제휴식을 가졌다.
- '라씨트레이더'는 빅데이터 및 인공지능 기반 매매주문 서비스로 최적의 주식 주문을 돕는 시스템이다.
- 시장 상황과 업종, 종목, 체결 강도 등의 데이터를 분석해 자동으로 알아서 주문하는 기능이 있다는 것이 '라씨트레이더'의 가장 큰 특징이다.",http://www.sisamagazine.co.kr/news/articleView.html?idxno=313197,인공지능,2020년2월4주
20200225,AI판례예측 서비스로 '나혼자 소송'을 도와준다,중기이코노미,"- 예측판례제작소는 '나홀로 소송' 과정에서의 재판정보 부재를 해결하기 위해 관련 정보를 제공한다.
- 예측판례제작소는 54곳 언론사에서 기사화된 판결 뉴스를 모아 판결데이터를 구축했다.
- 지난 1월 '예측판례 솔루션' 베타 버전을 출시해 재판절차 및 준비 가이드와 법정 제출용 각종 문서 샘플, 축적된 판례 문서를 제공하고 있다.
- AI기술을 활용해 형량을 미리 알아볼 수 있는 '셀프 소송 가이드 서비스'와 '판결예측머신'을 개발해 내년 3월 론칭할 계획이다.",http://www.junggi.co.kr/article/articleView.html?no=24750,인공지능,2020년2월4주
20200226,"'AI 키토크' 검색, 카카오페이지서 3200만 돌파",뉴스1,"- 취향 기반 추천 서비스인 AI 키토크가 카카오페이지에서 3200만 검색을 넘어섰다.
- AI 키토크는 뉴스, 대중들의 반응을 인공지능이 수집해 구어체 형태로 모아놓은 검색 기능으로 지난 8월 카카오페이지에 도입되었다.",https://www.news1.kr/articles/?3854158,인공지능,2020년2월4주
20200226,바뀌는 개인투자 판도… 신개념 재테크 플랫폼 뜬다,중앙일보,"- 소액 투자자들에게도 간편한 투자 경험을 제공하는 신개념 재테크 플랫폼들이 등장하고 있다.
- 윙크스톤은 최근 다중 대체 자산 포트폴리오로 다양한 성격의 채권을 시계열에 따라 조합해 만드는 투자 상품 '에이맵'을 개발했다.
- 글로벌 자산관리 서비스 '에임'은 인공지능이 알아서 맞춤형으로 자산 포트폴리오를 제시한다.
- 주식 투자 서비스 '두나무투자일임'이 운영중인 플랫폼 '맵플러스'는 투자 전문가와 개인 투자자를 연결해 투자일임을 대중화했다.
- 업계 관계자는 핀테크 기술 발전으로 자산관리 서비스를 누구나 쉽게 받을 수 있는 환경이 조성되고 있다고 밝혔다.",https://news.joins.com/article/23716030,인공지능,2020년2월4주
20200226,"Ad-Tech 스타트업 팡고지와이, 자동화 빅데이터 광고 솔루션 팡고 오픈",중앙일보,"- 에드테크 스타트업 팡고지와이는 자동화 빅데이터 광고 솔루션 팡고를 오픈했다.
- 팡고는 유튜브, 인스타그램, 구글트렌드에서 최근 가장 많이 사용하는 키워드를 추출·분석하여 타깃 광고 진행을 최적화한다.
- 팡고는 광고 효율을 위해 24시간 실시간으로 최적화된 광고 솔루션을 제공함으로써 중소 광고주들도 편리하게 사용 가능하다.",https://news.joins.com/article/23716016,인공지능,2020년2월4주
20200227,신용평가사도 예측못한 2개월 뒤 부도…AI는 3개월 전 알렸다,중앙일보,"- 포스코ICT가 기업 신용평가 전문기업 이크레더블과 함께 국내 최초 AI 기반 기업 부실예측 시스템 '크레덱스'를 개발했다.
- '크레덱스'는 빅데이터 기술을 활용해 기업의 재무·비재무 데이터를 실시간 수집해 분석하고, 부실이 발생하기 전에 고객에게 정보를 제공해 주는 서비스다.
- 기존 신용등급의 한계를 해결하기 위해 기업의 다양한 데이터를 실시간으로 수집해 자체 개발한 AI를 활용해 기업의 부실 징후를 반복 학습함으로써 기업의 채무상환능력을 종합 평가하여 부실 발생 위험을 감지한다.
- '크레덱스'는 연간 정액제 형태로 회원 서비스를 제공하고 필요 시 단건으로 특정 기업의 신용 상태를 조회하여 리포트를 제공하는 서비스도 함께 제공한다.",https://news.joins.com/article/23716848,인공지능,2020년2월4주
20200227,"셀바이뮤직, 유튜브 BGM 음악 컨설팅 상품 출시",전자신문,#NAME?,https://www.etnews.com/20200227000307,인공지능,2020년2월4주
20200302,[데이터노믹스 원년] 인슈어테크가 온다…보험 진단부터 건강분석까지,한국금융,"- 보험업계 전반에 빅데이터, 인공지능, 블록체인, 사물인터넷 등의 기술과 결합한 인슈어테크 바람이 불고 있다.
- 최근 인슈어테크 기술은 금융사와 소비자간 정보의 비대칭성을 해소하는 역할을 하고 있다.
- 마이리얼플랜은 빅데이터를 활용해 자체 개발한 AI진단 앱 '보닥'을 선보였다.
- 리치플래닛과 보맵은 보험을 하나의 앱으로 관리하는 '보험 통합관리 플랫폼'을 통해 진화한 '건강관리 서비스'를 선보였다.",https://cnews.fntimes.com/html/view.php?ud=202002282224135472dd55077bc2_18,빅데이터,2020년3월1주
20200304,"아이지에이웍스 ""빅데이터로 기업 매출 예측 가능""",지디넷코리아,"- 모바일 빅데이터 플랫폼 기업 아이지에이웍스가 모바일 앱 매출을 90% 이상의 정확도로 추정하는 데 성공했다.
- 모바일인덱스는 일 평균 17억건의 모바일 데이터를 학습·처리하며, 기업의 모바일 비즈니스 전략에 필요한 데이터를 제공한다.
- 모바일인덱스는 지난해 엔씨소프트의 2018년도 모바일 게임 매출을 99.3%에 달하는 정확도로 예측한 바 있다.",http://www.zdnet.co.kr/view/?no=20200304091927,빅데이터,2020년3월1주
20200306,"(주)핀테크, 한눈에 보는 마이데이터(MY DATA) 서비스 '모니' 출시",조선비즈,"- (주)핀테크가 마이데이터 서비스 '모니'를 선보였다.
- 간단한 인증만으로 개인의 직장정보, 신용정보, 건강정보, 자동차정보, 생활정보 등을 확인할 수 있다.
- 선거 후보에 관한 정보를 제공해 주목을 받고 있으며 향후 보육시설 정보, 개인에게 적합한 정책자금 정보 등 다양한 서비스를 개설할 예정이다.
- 금융기관을 비롯한 다양한 기업과의 제휴 추진에 나서고, 데이터 주권을 확립하는 등 건강한 데이터 생태계를 구축할 계획이다.",https://biz.chosun.com/site/data/html_dir/2020/03/06/2020030601547.html?utm_source=naver&utm_medium=original&utm_campaign=biz,빅데이터,2020년3월1주
20200304,한발 앞선 AI 역량 확보… '야구 경기 더 재미있게' 서비스,세계일보,"- 엔씨소프트의 '페이지'는 AI를 활용해 야구 빅데이터를 생성·요약·편집·분석해 맞춤형 정보를 제공하는 서비스다.
- '페이지'에서 관심 구단을 설정하면 전반적인 정보를 한눈에 확인할 수 있다.
- 젊은층을 위해 간추린 경기 영상을 제공하는 '콘덴스트 게임' 서비스도 제공한다.",http://www.segye.com/newsView/20200303514274?OutUrl=naver,인공지능,2020년3월1주
20200304,"마인즈랩, 클라우드 기반 회의록 자동정리 서비스 '마음 회의록' 오픈",데이터넷,"- 인공지능 플랫폼 기업 마이즈랩은 클라우드 기반 회의록 자동정리 서비스 '마음회의록'을 본격적으로 오픈했다.
- '마음회의록'은 녹음된 회의 파일 업로드만으로 화자별로 텍스트를 분리하여 정리한 회의록 파일을 받아볼 수 있다.
- 마인즈랩의 음성 분리 및 필터 기술을 접목했으며, 이 서비스를 통해 획기적으로 업무 효율성을 높일 수 있을 것으로 기대된다.",http://www.datanet.co.kr/news/articleView.html?idxno=143106,인공지능,2020년3월1주
20200305,"리걸인사이트, AI 기반 계약서 추천·자동작성 서비스 오픈 베타 실시",헬로티,"- 리걸테크 스타트업 리걸인사이트는 인공지능 기반 계약서 추천·자동작성 서비스 오픈 베타를 실시한다.
- 리걸인사이트의 지능형 계약서 추천 및 자동작성 서비스는 계약 내용을 입력하면 인공지능 기술로 수요자의 의도를 분석한 뒤 최적의 계약서 템플릿을 추천해주는 서비스로, 전문적인 법률 지식 없이도 쉽게 계약서를 작성할 수 있다는 특징이 있다.
- 현재는 250여 개의 계약서 템플릿을 제공하며, 이후 범위를 넓혀갈 계획이다.",http://www.hellot.net/new_hellot/magazine/magazine_read.html?code=202&sub=004&idx=50874,인공지능,2020년3월1주
20200305,"통관에 RPA·AI 도입한 햄프킹, 처리 시간 5시간→5분으로 단축",테크월드,"- LG CNS의 사내벤처 햄프킹이 RPA와 인공지능을 접목해 기존에 5시간 걸리던 통관 처리를 5분으로 대폭 줄여주는 솔루션을 개발했다.
- 햄프킹은 현재 관세법인 '세인'과 통관 자동화 수행 협력을 맺어 해당 솔루션을 적용하고 있다.
- 통관업부 전담 직원 채용에 어려움을 겪고 있는 관세법인의 고민 해결에 도움이 될 것으로 보고 있다.
- 햄프킹은 2018년 LG CNS 사내벤처 대회 '아이디어 몬스터'에서 선발되어 사내벤처를 꾸린 후 1년 3개월만에 성장 가능성을 인정받아 분사했다.",http://www.epnc.co.kr/news/articleView.html?idxno=94523,인공지능,2020년3월1주
20200305,"리얼셀러, 인공지능 기반 중고거래 플랫폼 워닛 출시",인공지능신문,"- 온라인 사기방지 솔루션을 제공하는 리얼셀러가 인공지능 기반 안전 중고거래 플랫폼 '워닛'을 출시했다.
- '워닛'은 대표 중고거래 물품 등록 정보를 수집하고 온라인 사기방지 인증을 AI로 평가해 최적의 상품을 추천하는 서비스이다.
- 회사 측은 온라인 사기를 방지하고 제품 탐색 비용을 획기적으로 줄일 수 있다고 밝혔다.",http://www.aitimes.kr/news/articleView.html?idxno=15541,인공지능,2020년3월1주
20200305,인공지능이 작성한 기사 저작권 있을까? 있다!,더리포트,"- 중국 법원에서 인공지능이 작성 기사의 저작권을 인정했다.
- 중국 텐센트는 자사의 인공지능 '드림라이터'가 작성한 기사를 무단으로 배포한 상하이 잉신 사를 상대로 저작권 침해소송을 제기했다.
- 이에 대해 법원은 드림라이터의 문장에 독창성이 있다고 판단하여 저작권을 인정하고 손해배상을 선고했다.",http://www.thereport.co.kr/news/articleView.html?idxno=6676,인공지능,2020년3월1주
20200306,"네이버 댓글 폐지 결정적 이유는? ""기술로는 한계 있어""",세계일보,"- 네이버가 5일부터 연예뉴스 댓글 서비스를 잠정 중단하고 인물명 연관검색어 서비스를 종료했다.
- 네이버는 인격권 보호와 현재 기술의 한계를 들며 서비스 중단의 배경을 설명했다.
- 당초 네이버는 악성 댓글을 필터링하는 AI 클린봇을 적용시키는 등 댓글 폐지보다는 기술로 개선하겠다는 방안이었지만 실효성에 대한 의문이 제기되어 왔고, 이에 네이버 측은 현재의 기술 솔루션과 운영 정책의 부족함을 인정했다.",http://www.segye.com/newsView/20200306504279,인공지능,2020년3월1주
20200314,"원샵, 신규 창업자 위한 '상가 임대료 비교 검색 서비스' 출시",이투데이,#NAME?,http://www.etoday.co.kr/news/view/1869960,빅데이터,2020년3월2주
20200308,밀레니얼 세대' 부상···'AI 자산관리' 대세되나?,매일일보,"- 금융업계에서 밀레니얼 세대 맞춤형 초개인화서비스 구현을 위한 AI 활용이 핵심으로 떠오르고 있다.
- 현 단계에서 AI를 활용한 자산관리 방안은 투자상품과 로보어드바이저로 구분된다.
- 국내 최초 AI투자상품은 신한AI의 투자상품 2종이며, 강화학습 AI 알고리즘을 적용했다.
- 국민은행, 하나은행, 우리은행, 농협은행 등은 AI를 활용한 로보어드바이저를 운용중이며, 고객 맞춤형 투자 포트폴리오를 제시해 준다.",http://www.m-i.kr/news/articleView.html?idxno=688754,인공지능,2020년3월2주
20200309,"""빌라나 단독주택 가치도 정확히"" 셰어킴, AI기반 '나집사랩' 출시",뉴시스,"- 프롭테크 전문기업 셰어킴이 부동산 가치를 분석해 투자 방식을 추천하는 인공지능 서비스 '나집사랩' 베타 버전을 출시한다.
- '나집사랩'은 부동산과 그 배후지의 여러 특징을 AI가 수집하고 학습해 기술적 분석의 단점을 보완했다.
- 아파트는 물론 빌라나 단독주택의 가치도 상대적으로 정확하게 분석하는 장점이 있다.",https://newsis.com/view/?id=NISX20200309_0000947973&cID=13001&pID=13000,인공지능,2020년3월2주
20200309,"투디지트, AI 애널리스트 '뉴스샐러드' 7월 론칭",전자신문,"- 투디지트가 AI를 활용한 신개념 주식투자 정보 서비스 '뉴스샐러드'를 7월에 론칭할 예정이다.
- '뉴스샐러드'는 AI를 기반으로 공시나 리서치 보고서 등의 자료 외에도 뉴스와 SNS에서 추출한 데이터까지 활용해 특정 기업을 분석한다.
- '뉴스샐러드'는 모든 산업의 주체별 동향과 영향도를 파악하고 예측 범위를 확장해 누구나 손쉽게 사용이 가능한 AI 금융 애널리스트 역할을 한다.",https://www.etnews.com/20200309000223,인공지능,2020년3월2주
20200310,"알바콜, AI 기반 '바로면접' 서비스 업데이트…""혁신 면접 구현""",연합뉴스,#NAME?,https://www.yna.co.kr/view/AKR20200310126800848?input=1195m,인공지능,2020년3월2주
20200310,코로나19 무료 법률자문서비스 등장…AI 스타트업 '인텔리콘',IT조선,"- 인텔리콘연구소는 법률검색서비스 '법률메카'로 코로나19 관련 법률 무료 자문서비스를 펼친다.
- 지난해 오픈한 '법률메카'는 네이버 지식검색과 같은 질의응답 형태의 지식도우미이다.
- '법률메카'의 특징은 AI 기술이 활용된 키워드 연관 질문 제시 기능이다.
- 인텔리콘연구소 대표는 ""이 서비스가 사회적 현안 해결과 정부 정책 방향을 잡는 기틀이 될 수 있기를 바란다""고 말했다.",http://it.chosun.com/site/data/html_dir/2020/03/10/2020031003067.html,인공지능,2020년3월2주
20200311,"IBM, 왓슨에 AI 新기술 통합…어감까지 이해하는 '프로젝트 디베이터'",전자신문,"- IBM이 인간 언어에서 까다로운 요소까지 이해하고 분석하는 '프로젝트 디베이터' 기술을 왓슨에 통합해 기업용 인공지능 제품 성능을 높인다.
- '프로젝트 디베이터'는 IBM 연구소에서 개발한 AI 시스템으로, 복잡한 주제에 관해 스스로 입장을 정하고 인간과 토론할 수 있다.
- 가장 큰 특징은 관용어 등 구어식 표현을 식별할 수 있다는 점이다.
- 대상은 현재 영어에서 우선 프랑스어, 독일어, 스페인어로 확대되며 추후 한국어도 추가될 예정이다.",https://www.etnews.com/20200311000167,인공지능,2020년3월2주
20200312,"브레인싸이트, AI모듈 탑재한 리얼 커뮤니케이션 솔루션 어플 '펫마인드캠' 출시",업다운뉴스,"- 브레인싸이트가 개발한 '펫마인드캠'은 AI 기술로 간단한 동영상 촬영을 통해 반려동물의 마음을 알 수 있는 앱이다.
- '펫마인드캠'은 영상 내 머리의 미세 움직임을 AI로 추출 및 분석하는 솔루션이다.
- '펫마인드캠'은 총 6가지 지수를 통해 다양한 감정 상태의 분석이 가능하며, 최적화된 돌봄 방법과 반려동물과의 진실한 교감의 기초가 되는 리포트를 제공한다.",http://www.updownnews.co.kr/news/articleView.html?idxno=216211,인공지능,2020년3월2주
20200312,"AI가 자가격리자들에게 전화를 건다… ""발열이 있습니까?""",한국일보,"- 한글과컴퓨터그룹과 네이버 비즈니스 플랫폼(NBP)이 코로나19 자가격리자 및 능동감시자를 모니터링할 수 있는 '인공지능 콜센터' 시스템을 무료로 제공한다.
- 한컴그룹이 자체 제작한 '한컴 AI 체크25'는 능동감시자와 자가격리자의 발열과 체온, 기침 등 건강 상태를 체크할 수 있는 아웃바운드콜 시스템이다.
- 사람이 직접 거는 전화와 달리 동시에 다수에게 전화를 할 수 있다는 점이 장점으로, 담당자들의 부담이 훨씬 줄어들 것으로 기대된다.",https://www.hankookilbo.com/News/Read/202003121122769348?did=NA&dtype=&dtypecode=&prnewsid=,인공지능,2020년3월2주
